589	44	2																																										
1.68029	2.16359	0.0455839	1.9452	1.94092	2.83761	1.38137	1.19828	2.642	2.54727	2.26324	2.33854	0	0	2.07242	0.222929	0.0606346	2.20029	0.0721778	2.32672	2.02163	1.61714	1.82208	1.49208	2.20286	2.4787	0.277252	1.88822	0.487218	0.587398	0.10899	1.07735	0.973028	0.0503041	1.86782	0.265901	0	0.0955389	0	0.16361	0	0	0	0	1
1.12333	2.70398	0.0485371	2.13697	2.18609	2.86848	0.485531	0.40929	2.63167	2.58403	2.35178	2.42375	0.0648857	0.241454	2.03459	0.493708	0.296585	2.32212	0.427666	2.22555	2.16175	1.86138	1.99651	1.43243	2.32916	2.58112	0.250557	1.82338	0.650029	0.524464	0.399994	1.06642	1.25708	0.0360635	1.9646	0.424247	0.332901	0.177511	0.160355	0.203964	0	0	0	0	1
0.353064	2.19544	0.0121923	2.30455	1.67621	2.96064	0	0.0627629	2.45831	2.86084	2.64206	2.48835	0.0324654	0.0254249	1.96207	1.05052	0.321918	2.25955	1.69685	2.15652	2.1897	1.5288	1.86756	1.61811	2.19442	2.66643	0.156569	1.77374	0.341549	0.416744	0.550059	1.21464	1.74806	0	1.99016	0.480217	0.288442	0.0996158	0.545407	0.0370602	0	0	0	0	1
1.62058	1.836	0.115725	1.9571	1.84968	2.82297	0.255451	0.469241	2.71281	2.69753	2.2889	2.28333	0.0156732	0	1.92275	1.43967	0.0461754	2.20118	0.2656	2.42088	2.05732	1.29406	2.16516	1.21625	2.16909	2.46692	0.115907	1.9429	0.472803	0.719914	0.261223	1.4141	0.866907	0.0382548	1.64437	0.208343	0.21799	0.107527	0	0.0268377	0.235692	0	0	0	1
1.43357	1.66297	0.140018	1.84281	2.13982	2.80328	0.709669	0.329442	2.73798	2.54045	2.16946	2.28807	0	0.0121923	1.95777	1.02692	0.0457811	2.20378	0.0187327	2.39083	2.05874	1.61841	1.80073	1.5478	2.13616	2.48075	0.41141	1.92362	0.583967	0.226258	1.16291	1.48451	1.10802	0.300913	1.99014	0.26575	0.115363	0.211088	0	0.220862	0.299473	0	0	0	1
1.06642	1.8708	0.0508922	1.81448	1.85226	2.72667	0.212538	0.158636	2.60277	2.65256	2.4479	2.29448	0	0.0272409	2.16448	0.297164	0.0675797	2.10265	0	2.40311	1.86108	1.79247	2.22418	1.48872	2.07548	2.75146	0.087512	1.61768	0.626202	0.714893	0.422286	1.42056	0.862183	1.91555	1.64109	0	0.0876996	0.0809208	0.240367	0	0.559274	0	0.134898	0	1
1.36834	2.2248	0.113002	2.01599	2.01179	2.71382	0.371004	1.77101	2.50773	2.62569	2.27018	2.39046	0.317847	0.262886	2.17125	0.922074	0.657984	2.18841	0.0555827	2.38295	2.25347	1.81581	2.29912	1.72749	2.29131	2.59923	0.602393	1.99082	0.622956	0.556011	1.62834	1.47967	1.45978	0.640487	1.98476	0.287784	0.171861	0.572827	0.099431	0.06556	0.885399	0	0	0	1
0.795874	2.63955	0.956712	2.04071	2.25667	2.77035	0.178686	0.276065	2.6163	2.61559	2.38583	2.47071	0.0229975	0.0136273	2.14057	0.877458	0.289902	2.29493	0.0406388	2.32865	2.34502	1.78386	2.10841	0.876062	2.33483	2.52055	0.470392	2.02046	0.28213	0.435422	0.316579	1.44519	1.25608	0	1.8283	0.0826206	0.165147	0.0671953	0	0	0	0	0	0	1
1.70558	2.18884	0.11826	1.77721	1.98267	2.59673	1.52606	1.13722	2.40907	2.55831	2.17127	2.35951	0.0410355	0.34929	1.87959	0.365733	0.191011	2.12859	0.240678	2.32475	2.06198	1.5287	1.47762	1.3579	2.03333	2.62971	0.340593	2.07319	0.442621	0.386475	0.607258	1.31272	0.785061	0.208182	1.52747	0.556726	0.24285	0.192167	0.130992	0.150337	0	0	0	0.424981	1
1.52318	2.22835	0.375065	2.05135	2.12558	2.87044	0.297597	0.142303	2.52791	2.67279	2.69743	2.42755	0.0278454	0.036861	2.05032	1.87042	0.182537	2.37289	0.565755	2.24931	2.0972	1.40368	2.25421	1.88065	2.32114	2.66954	0.195626	1.94647	0.576361	0.408791	0.436747	0.808702	0.935688	0.0195467	2.1494	0.298608	0.220543	0.189688	0.090134	0.127962	0	0	0	0	1
0.915303	2.36306	0.200541	1.3168	2.05345	2.78035	0.0221868	0.0563619	2.57635	2.54698	2.27607	2.33231	0.0130126	0	1.9337	0.0761805	0.0382548	2.11187	0	2.48041	1.67022	1.7437	2.25465	1.2088	2.08823	2.4724	0.0968383	1.67118	0.23959	0.192332	0.133657	1.78624	1.07941	0	1.67326	0.0923748	0.141601	0	0.142303	0.401383	0.105694	0	0	0	1
1.26418	2.54661	0.508704	2.18219	2.16461	2.89766	0.106794	2.1035	2.53947	2.58862	2.47955	2.38542	0.0946095	0	2.00638	0.223247	0.268904	2.29497	0	2.43804	1.98997	1.57994	1.9836	1.65854	2.31107	2.49217	0.583673	2.03199	0.801749	0.451287	0.388017	1.12745	1.14442	0.0782696	1.92228	0.217031	0.0985059	0.217191	0.20802	0.0660413	0.155879	0.0356644	0	0	1
1.60114	2.19741	0.151899	1.87494	2.14925	2.82728	0.0700735	0.0725599	2.71539	2.66282	2.36778	2.30241	0.0617962	0	1.77171	0.776222	0.0731326	2.07573	0.0300581	2.41025	2.19509	1.6444	1.81595	1.1896	1.91342	2.43993	0.0946095	1.84579	0.311061	0.753131	0.844667	1.82557	1.24999	0.187699	1.6804	0.313471	0.152593	0.0782696	0	0	0.070265	0.0229975	0	0	1
1.52206	2.2714	0.070265	1.9934	2.01265	2.98585	0.652438	0.677113	2.85484	2.79264	2.68482	2.41755	0.0557776	0	1.93739	0.476348	1.34467	2.17146	0.0569459	2.30194	1.89046	1.47074	2.33446	1.08696	2.16925	2.55704	0.271597	1.79364	0.71676	0.491924	0.182704	1.16914	1.02477	0.0773207	2.14831	0.303785	0	0.253466	0	0.177343	0	0	0	0	1
0.778517	1.81953	0	1.51304	2.08623	2.73699	0.125995	0.251937	2.74547	2.56209	2.14926	2.21926	0.186536	0.0229975	1.63917	0.604496	0.0290531	2.31413	0.0683478	2.35049	2.00997	1.41089	1.57084	0.985998	2.1613	2.71752	0.0742769	1.82525	0.537375	0.825423	0.386346	2.01407	1.40229	0	1.69921	0.827483	0.142829	1.47214	0	0.0966528	0	0	0	0	1
0.267253	1.391	0.0573349	2.10585	1.86442	2.93043	0.0863858	0.21831	2.79743	2.92906	2.53055	2.39829	0.0175102	0.0103437	1.84475	0.397081	1.04635	2.24067	0	2.46085	2.04313	1.50155	2.08935	1.76716	2.06576	2.72179	0	1.83997	1.15972	0.656878	0.303928	1.54972	1.42557	0.0831865	2.03717	0.818647	0.239901	0.128319	0.338951	0.0150599	0.0727508	0.0471603	0	0	1
2.38173	0.949689	1.16727	1.51403	1.67382	2.68341	1.26875	1.6612	2.40822	2.42077	2.17559	2.21987	0	0.256974	1.87926	0.465546	0.14633	2.07019	0.0374586	2.50908	2.04038	1.91554	1.803	1.59038	2.13828	2.52996	0.488454	1.90462	0.33428	0	1.57499	1.76714	1.19088	0.188362	1.87067	0.91261	0.0801641	0.445124	0	0.0360635	0.304072	0	0	0	2
1.44341	2.05267	0	1.68542	1.94385	2.71634	0.0602471	0.370479	2.53947	2.75374	2.63912	2.53132	0.0812988	0	2.02128	2.50543	0.488678	2.16167	2.39612	2.42249	1.806	1.89214	2.56393	1.67068	2.22715	2.69245	0.0463725	1.69876	1.10209	0.504874	0.781024	1.24069	1.04112	1.66017	2.02027	0.468319	0	0.122226	0	0.0795962	0.0983208	0.0326657	0	0	1
1.35365	2.20898	0.0416301	1.85369	2.25881	2.89272	0.158808	0.185705	2.5934	2.84241	2.55202	2.60432	0	0.0294552	1.7497	1.22128	0.0641144	2.26345	0	2.43512	1.9148	1.64335	2.08677	1.22959	2.27753	2.7965	0.21831	2.0516	0.53264	0.599804	0.24285	1.11345	0.997706	0.130814	1.66484	0.374804	0.658205	0.209313	0	0.0530453	0.0530453	0.0508922	0.0758002	0	1
1.78814	1.93249	0.328471	2.31819	1.66423	3.03179	0	1.67982	2.4474	2.76029	2.64415	2.36095	0	0	2.0898	0.762131	0.473262	2.47883	0	2.48502	1.80359	1.37593	2.0443	1.73709	2.18796	2.69507	0.0648857	1.88809	1.07584	0.703579	0.29673	1.59449	1.19084	0.0809208	1.78863	0	0.234127	0	0.455992	0.0845054	0	0	0	0	1
0.677113	2.70108	0.184373	2.31422	2.18518	2.89037	0.280212	2.18147	2.57649	2.67005	2.40352	2.67447	0.00972665	0	1.97629	0.200541	0.238345	2.26061	0	2.19478	1.85166	1.94702	2.05685	1.46658	2.15596	2.73615	0.804241	1.64318	1.24499	0.326942	0.262886	1.4933	1.2084	0	1.646	0	0.260163	0.461018	0	0.0643073	0	0.0518716	0	0	1
1.2512	2.34657	0.330135	1.7323	1.85308	2.67402	1.3079	0.271298	2.92795	2.72432	2.30917	2.1767	0	0.0227949	1.78669	0.972103	0.135429	1.87658	0.0677718	2.38606	2.13778	1.66863	1.8095	1.83026	2.18532	2.53771	0.141425	1.87062	0.397335	0.273834	0.255451	1.26191	1.21801	0.69568	1.73686	0.352392	0.414764	0.131348	0	0.125457	0.153978	0	0	0	1
1.24113	0.736886	0	1.7713	2.29444	2.99444	0.453643	0	2.75277	2.55256	2.36674	2.24412	0.00580798	0	2.00694	1.49921	0.229888	2.28313	0.327916	2.52098	2.19866	1.54758	2.19108	0.959387	2.02107	2.42692	0.872301	1.83487	0.627957	0.939951	0.881504	1.89206	1.21568	0.519428	2.06359	0.741121	0.0451894	0.119163	0.241299	0.0959104	0	0	0	0	1
0.861403	2.40832	0.0404404	2.29069	1.9893	2.79364	2.06249	1.53915	2.46904	2.78538	2.41443	2.54634	0.0364623	0.15812	2.10214	0.549543	0.174311	2.32318	0	2.35993	2.23534	1.48292	2.13668	1.03404	2.30515	2.52885	0.713672	1.96691	0.804596	1.0149	0.710325	1.32313	1.3842	0	1.82974	0.499478	0.396065	0.124202	0	0.172284	0	0.0493229	0	0	1
1.51814	2.19472	0.236785	1.84662	1.84226	2.74993	0.513164	0.767788	2.66797	2.7269	2.41505	2.31154	0.0144463	0.0166942	2.04705	1.09954	0.0213753	2.19379	0.369032	2.40137	2.19181	1.70175	2.04384	1.77217	2.12702	2.5688	0.550883	1.97218	0.309497	0.297019	0.413771	1.25285	1.0476	0.510774	1.77186	0.633473	0.200541	0.128676	0.155534	0.0714132	0.217031	0	0	0	1
1.62782	2.06619	1.05855	2.15658	2.08874	2.86132	0.0775105	0.24223	2.59625	2.78417	2.32995	2.40254	0.00787269	0	1.92113	1.62305	0.532534	2.05884	0.154843	2.52501	1.68325	1.57894	2.43264	1.37095	2.06323	2.62324	0.459969	2.01426	0.68718	0.121146	1.00384	1.49624	1.1091	0.345226	2.04272	0.507721	0.0598594	0.27294	0	0.125995	0.125816	0	0	0	1
2.46455	0.874598	0.681653	1.2626	1.64408	2.70665	0.931862	1.00796	2.25823	2.52193	2.17327	2.24589	0.00456675	0.136314	1.69768	0.621094	0.052263	2.15971	0.0160817	2.4334	1.90024	1.39824	1.57885	1.48547	2.15751	2.62936	0.386861	2.0214	0.397969	0.19776	1.19028	1.42697	0.722572	0.197268	1.65559	0.452348	0.217031	0.297597	0	0.307217	0.0740863	0	0	0	2
1.41827	2.3193	0.199397	1.80846	2.1313	2.80792	0.360291	0.622584	2.79218	2.53021	2.20688	2.37271	0.0306606	0.0356644	1.95937	0.586224	0.0451894	2.23872	0.319253	2.42651	2.01282	1.65536	1.91819	1.14467	2.13373	2.62503	0.453879	1.83439	0.505642	0.223406	0.345361	2.11797	1.14226	0.172622	1.79846	0.204289	0.0588893	0.168723	0.304072	0	0.326107	0	0.0914418	0.300049	1
0.760234	2.59658	0.297453	2.03843	1.98565	2.94867	0.183539	2.11163	2.91498	2.63997	2.44708	2.37737	0	0.0099324	1.90916	1.14831	0.20315	2.34345	0	2.38949	2.16161	1.21879	2.1714	1.36496	2.39136	2.69437	0.180195	2.09356	1.15888	0.754895	0.388274	1.23818	1.15226	0.0207662	2.18914	0.73302	0.0951673	0.208505	0	0.0146509	0	0	0	0	1
1.09663	2.37098	0.0530453	1.82486	1.97036	2.81815	1.49607	0.320937	2.78738	2.73715	2.57388	2.32487	0.201194	0.00890317	2.06595	1.50476	0.0221868	2.16711	1.27441	2.36987	2.03386	1.40483	1.90809	1.36263	2.07295	2.5588	0.477944	1.79146	0.340866	0.168893	0.416497	1.53135	1.28436	0.583082	2.01994	0.283603	0.0846936	0.141952	0.0850699	0.0380558	0	0	0.0457811	0	1
1.36891	2.65588	0.551397	2.2102	2.06214	2.97959	0.334143	1.34071	2.643	2.62718	2.42499	2.54483	0.0171023	0.0264343	1.80907	1.44012	0.310066	2.4006	0.0784592	2.36104	2.38441	1.48743	2.02343	0.997967	2.40812	2.63379	0.558663	2.09981	0.644013	0.663923	0.459269	2.28604	1.27909	0.200214	1.8117	0.343866	0.162926	0.97183	0.330689	0.0384537	0.0931204	0	0	0	1
0.78769	2.34975	0.031062	2.03168	2.15693	2.80506	0.0700735	0.236785	2.73432	2.72277	2.38922	2.28181	0.0485371	0.0641144	1.95209	2.11714	0.0614092	2.30491	1.29114	2.41503	2.06496	1.69856	1.76192	1.16142	2.21901	2.474	0	1.71395	0.466009	0.913509	0.408791	1.93579	1.11696	0.426935	1.97071	0.469472	0	0.169742	0	0.0925612	0.113911	0	0	0	1
2.32691	0.791976	1.04311	1.32981	1.59537	2.68947	1.52033	1.59274	2.45228	2.34289	2.16923	2.19323	0	0.183872	1.89776	0.729608	0.1812	2.14786	0.0280468	2.49296	2.0381	1.86215	1.79611	1.75254	2.18785	2.48791	0.711061	1.7963	0.466125	0.54975	1.76442	1.7188	1.26198	0.6898	1.99652	0.953519	0.169403	0.141073	0.170251	0.161556	0.333315	0	0	0.167703	2
1.04205	2.12457	0.35481	1.95802	1.99837	2.75021	0.0748484	0.203476	2.94571	2.74299	2.43442	2.39997	0.00910912	0.0107549	2.05523	0.828237	0.304788	2.1165	1.55422	2.41189	2.22189	1.47583	2.19406	1.61395	2.17338	2.54659	0.707289	1.93481	0.760386	0.310635	0.329026	1.2264	0.978228	0.330135	1.82331	0.235848	0.272791	0.103489	0.101831	0.0308613	0	0	0	0	1
1.95224	1.32975	0.515438	1.49322	1.6384	2.71992	1.69231	1.25006	2.55863	2.45102	2.14663	2.21113	0	0.0207662	1.94777	0.56414	0.169403	2.10133	0.0316637	2.44443	2.07156	1.70886	1.86666	1.57929	2.12634	2.4729	0.753285	1.93807	0.462298	0.525425	1.6843	1.58643	1.20461	0.509031	2.00108	0.677285	0.0677718	0.361356	0.189522	0.216391	0.141601	0	0	0	2
2.28714	0.880621	1.25844	1.51395	1.66773	2.61382	1.80814	1.66489	2.48686	2.37574	2.12472	2.22724	0.0103437	0.135075	1.91359	0.381051	0.142654	2.09688	0	2.49584	2.12199	1.9519	1.96944	1.77315	2.1732	2.44637	1.00986	1.80496	0.483839	0.497486	1.1156	1.7102	1.32981	0.183872	2.01218	0.543433	0	0.0947955	0	0.297597	0	0	0	0.381051	2
1.54075	1.26588	0.319394	2.09383	2.0431	2.73726	0.11191	0.890141	2.33718	2.70457	2.57702	2.49207	0.0410355	0	2.13292	1.68515	0.452348	2.24625	0.0487336	2.35962	2.17901	1.80153	2.15852	2.06269	2.15205	2.80594	0.236629	1.75187	0.973843	0.663222	0.437709	1.78749	1.28879	0.661993	1.8352	0.665061	0.0532408	0.480557	0.278437	0.023605	0	0	0	0.274578	1
1.23158	2.13265	0.0893857	1.42864	1.65614	2.64564	0.587691	0.678058	3.0373	2.68846	2.31764	2.24353	0.0238074	0	1.87693	0.495711	0.273536	2.08639	0	2.32803	1.84264	1.70886	2.20631	1.6163	2.09396	2.47615	0.311203	1.65934	0.477602	0.447738	0.280212	1.23203	1.02467	0.111363	1.90434	0.298608	0	0.0561672	0	0.0792174	0	0	0	0	1
1.72884	1.52637	0.28213	1.92508	1.96456	2.83614	0.0360635	1.04423	2.34079	2.67049	2.16618	2.56462	0.0420264	0	2.01023	0.176165	0.0912551	2.12925	0.108442	2.24817	1.96482	1.21324	1.66014	1.08245	1.77879	2.89759	0.534222	1.93825	0.349155	0.807501	0.526703	0.871213	0.467627	0.05148	1.06302	0	0.22118	0.0977652	0	0.378324	0	0	0	0.390837	1
1.62663	2.30085	0.254383	2.10518	2.07688	2.67338	1.40153	1.62666	2.54328	2.46863	2.12464	2.57309	0.0536315	0.0420264	1.89574	1.06735	0.386861	2.14017	0	2.24463	2.2877	1.04616	1.44457	1.30032	1.98806	2.85154	0.435904	2.31136	0.450815	0.534538	0.469472	1.10257	0.472345	0	1.48372	0.127068	0.0693069	0.0217811	0.193651	0.171099	0	0	0.107344	0	1
1.55706	2.45915	0.389813	1.9175	1.89101	2.78347	1.13956	0.847398	2.69887	2.60248	2.28653	2.38306	0	0.10551	1.99439	0.946744	0.0687316	2.14218	0.17986	2.38545	2.16296	1.56691	1.73665	1.26768	2.08409	2.36407	0.0604409	1.9686	0.376109	0.323037	0.820452	1.53335	1.06358	0.295282	1.71284	0.209636	0.169742	0.378324	0	0.127247	0.237253	0	0	0.307217	1
1.88321	1.48815	0.542497	1.72697	1.80522	2.74632	1.15793	1.04611	2.50638	2.40074	2.25264	2.23589	0.0130126	0.191342	1.81844	1.57073	0.191507	2.19464	0	2.41997	2.03097	1.69851	2.02159	1.47551	2.17982	2.41503	0.589643	1.89322	0.606497	0.586126	1.07263	1.61064	1.42814	0.249483	2.13161	0.940754	0.0970237	0.727696	0.142303	0.314461	0	0.0352652	0	0	1
1.18242	2.48002	0.228942	2.15761	2.2007	2.95429	0	1.4655	2.83956	2.75292	2.42088	2.50561	0.0290531	0.00972665	2.0466	1.08575	0.149467	2.30839	0	2.32313	1.93764	1.55612	1.92948	1.03261	2.28114	2.67219	0.203964	1.83241	0.741356	0.604496	1.03231	1.59456	0.912909	0.0406388	2.00002	0.0606346	0.204452	0.295427	0.0944235	0.0284494	0	0.0227949	0	0	1
1.50742	1.60718	0.253925	1.78285	1.74579	2.86764	1.08844	0.766585	2.78474	2.53606	2.30399	2.42766	0.01975	0.102752	1.78585	1.1445	0.283308	2.20928	0.0463725	2.18527	1.99014	1.33795	1.74971	1.63666	2.25795	2.59971	0.302207	1.97691	1.1484	0.846267	0.329304	1.78201	1.00709	0.032265	1.88228	0.599323	0	1.03898	0	0.165489	0	0	0	0	1
0.80232	2.16298	0.112092	2.20687	2.06257	2.70041	0.0947955	0.777407	2.39586	2.5556	2.17875	2.47291	0	0	2.09467	0.296151	0.291942	2.2133	0	2.217	1.95335	1.34315	1.70751	1.03781	1.71889	2.94949	0.202825	1.90164	0.43987	0.761752	0.623142	1.30533	0.483726	0	1.03404	0.350505	0.140898	0.0677718	0.500914	0.0328659	0	0	0.113547	0	1
1.63405	1.6925	0.70238	1.99638	2.07478	2.59031	0.0989686	1.23291	2.29862	2.76511	2.20646	2.4554	0	0.0421254	2.18184	0.813554	0.654662	2.09674	0.392371	2.37968	2.101	1.8462	2.26502	1.96446	1.97028	2.57409	0.57968	1.94839	0.318761	0.798101	0.430705	1.05909	1.25627	0.0297567	1.71393	0.446076	0.234519	0.137639	0.200541	0.122316	0.718258	0	0.0817711	0	1
0.815372	2.67864	0.147203	2.06559	1.94936	2.8002	0.698185	1.11031	2.35826	2.58449	2.51099	2.36005	0.322338	0.166682	2.09138	0.440229	0.206886	2.42172	0.771533	2.15192	1.95092	1.48118	2.02801	1.63895	2.05984	2.63038	0.183706	1.71376	0.466934	0.586322	0.372317	1.28864	1.55453	0.120426	1.92101	1.01693	0.0970237	1.14009	0.263641	0.0440047	0.858535	0	0	0	1
1.77845	2.40031	0.552938	2.05147	1.97994	2.68721	0.834846	1.1917	2.96564	2.50148	2.42995	2.38882	0.0631492	0.0152644	1.6975	1.47448	0.872556	2.14784	0	2.23652	2.40773	1.3681	2.01562	1.87109	2.23702	2.56679	0.141073	2.21213	0.929298	0.763795	0.360158	1.83283	1.16272	0	2.00672	0	0.141425	0.448449	0.460435	0.043807	0	0	0	0	1
1.63072	1.91278	0.102752	1.92885	1.99437	2.75346	0.208343	0.0497155	2.38848	2.73252	2.16996	2.52741	0.162241	0	1.91162	0.534011	0.0660413	2.08879	1.95373	2.18038	1.65981	1.1421	1.1622	0.989185	1.95279	2.78295	0.234284	1.97057	0.776667	0.625091	0.873323	0.900315	0.451405	0.155189	1.12875	0.0816767	0.0858221	0	0	0.0195467	0.0934929	0	0	0	1
1.77892	1.25552	0.911529	1.91727	2.06604	2.26456	0.214467	1.52882	1.49638	2.49834	2.16466	2.32448	0.0850699	0.250864	2.41009	0.682421	1.69769	2.18016	0.119163	2.49845	2.38594	2.21457	2.55777	2.2832	1.58138	2.39528	1.44084	1.40262	0.356686	0.82501	0.945892	0.761145	1.86234	0	1.84171	1.50095	0.800964	0.287418	0	0.215108	2.32231	0	0.69283	0.570177	1
1.26702	2.233	0	2.16094	2.09163	2.8472	0.0512841	0.513056	2.64007	2.53031	2.33492	2.38328	0.0693069	0.0354649	1.97535	2.00274	0.691317	2.28671	1.73726	2.47527	2.21693	1.58716	1.73325	1.42625	2.26826	2.77991	0.940065	2.07329	0.607828	0.154497	0.41464	1.83524	1.23008	0.240833	1.99694	0.457047	0.429369	0.104592	0.113729	0.189191	0.0839404	0.0546077	0	0	1
2.22975	0.911469	0.902086	1.58477	1.68023	2.68036	1.58463	1.72898	2.40155	2.37836	2.18251	2.21013	0	0.450696	1.81643	0.373365	0.129033	2.10884	0	2.37422	1.99061	1.65129	1.67994	1.70507	2.21082	2.40161	0.302781	1.87148	0.671244	0.436627	0.360025	1.53535	1.03981	0.108076	1.76566	0	0.237565	0.027644	0	0.0392489	0	0.0617962	0	0	2
1.26437	1.9916	0.00972665	1.87043	1.43606	3.00638	0.0148554	0	2.79185	2.7337	2.54794	2.48604	0.00869718	0.0101381	1.85174	2.07368	0.153632	2.23603	0.0306606	2.21153	1.67519	1.25127	1.22534	0.688111	2.00365	2.44029	0.0654637	1.82911	0.683954	0.9229	0.201684	1.91038	0.478626	0.541037	1.72319	0.634753	0.126353	0.0506962	0	0.162412	0	0	0.0524586	0	1
2.10801	1.41205	0.0117819	1.50958	1.82733	2.66074	1.01435	0.301632	2.6389	2.49989	2.17737	2.17236	0.00539444	0	2.07833	0.347396	0.132415	2.12141	0.0189362	2.54383	2.19424	1.75653	1.97713	1.69555	1.90897	2.46081	1.17271	1.88898	0.807219	0.15984	0.304931	1.4541	1.29943	0.166682	1.96515	0.424492	0.152766	0.252702	0	0.364409	0.16583	0	0	0	1
0.952283	2.39789	0.6167	1.83042	2.00387	2.69785	0.0738956	0.214948	2.87358	2.82811	2.55464	2.4497	0.0148554	0.0175102	2.1858	0.580421	0.105327	2.19423	0.052263	2.57348	1.91826	1.43438	2.09537	1.63196	2.03736	2.5775	0.110269	1.85473	0.538842	0	0.322618	1.2665	0.863027	0.2261	1.9485	0.198579	0.110451	0.0354649	0.510339	0	0.120065	0	0	0.291942	1
2.28916	0.691401	1.01663	1.61297	1.7844	2.635	1.31772	1.54737	2.41055	2.48083	2.13442	2.18018	0	0.320376	1.74798	0.526916	0.151552	2.06071	0	2.48312	2.09898	1.67845	1.81667	1.72189	2.08655	2.48481	0.404279	1.88754	0.496821	0.166	1.01794	1.69295	1.12396	0.150511	1.81642	0.569575	0	0.309213	0	0.0733234	0.434095	0.0588893	0	0	2
1.64338	1.47974	0.0217811	2.06051	2.08341	2.94889	0	0.110269	2.67337	2.65269	2.54431	2.53523	0.0262325	0	2.19355	0.666372	0.253466	2.24721	0.089947	2.46486	2.0278	1.937	2.23663	1.05329	2.08779	2.53317	0.543849	1.61063	0.942185	0.47999	0.194968	1.58363	0.911229	1.30533	1.98831	0.444767	0.143005	0.0158775	0	0	0.106611	0.0354649	0	0	1
1.14161	2.46713	0.0973945	2.01049	2.1476	2.86789	0.389044	0.43119	2.84167	2.44759	2.29488	2.28029	0.00663447	0.0304598	2.0177	0.290485	0.281688	2.27268	0.800321	2.29968	2.04479	1.60469	1.84362	0.888585	2.14728	2.47243	0.59324	1.81057	0.504216	0.417485	0.363083	2.19068	1.25184	0	1.99146	0.827072	0.432402	0.313754	0	0.0654637	0	0	0	0	1
1.38688	1.98984	0.0814878	1.98438	2.08135	2.49698	1.80465	1.78625	2.28699	2.45278	1.97224	2.49708	0.032265	0	2.1092	0.473376	0.298464	2.17304	0	2.14478	2.01241	1.17248	1.26168	1.38216	1.85919	2.93286	0.224199	1.88458	0.443814	0.926899	0.633381	0.825079	0.492817	0.0524586	1.14613	0.562927	0.0818656	0.0756099	0	0.228942	0	0	0	0	1
0.590228	2.45381	0.340183	2.15692	1.73318	2.86101	1.05481	0.0436094	3.06642	2.59692	2.50312	2.40636	0	0	1.88654	0.789073	0.187699	2.0202	0	2.29597	2.41459	1.29008	2.05128	2.20472	2.18772	2.63482	0	2.25114	0.349965	0.680542	0.373496	1.3006	0.991933	0.0244143	1.86627	0.309355	0.348885	0.058501	0.725219	0.0503041	0.28888	0	0	0	1
1.03222	1.36216	0.0426203	1.29992	2.07396	2.67277	0	0.142127	2.42488	2.40389	2.45163	2.54694	0	0	2.0815	0.167193	0.143005	2.11761	0	1.9581	1.88834	1.24291	1.46855	2.18924	1.9649	2.91253	0.26092	1.6607	0.238812	0.962992	0.476918	0.762131	0.547168	0	1.24763	0	0.183205	0.0308613	0.262735	0	0	0	0	0	1
1.80017	1.52427	0.189191	1.8368	1.78106	2.71452	0.715218	0.58436	2.86845	2.58319	2.21329	2.26135	0.0099324	0.0890113	1.85843	0.418843	0.111727	2.0563	0.132592	2.30482	1.9234	1.45416	1.96856	1.57056	2.1456	2.42385	0.621001	1.79871	0.762585	0.277993	0.12814	1.59236	1.17058	0.177343	1.91379	0.447619	0	0.378974	0	0.0336665	0	0	0	0	1
2.39204	0.732228	0.747966	1.43258	1.71907	2.62884	1.24499	1.5161	2.26216	2.42155	2.19915	2.15837	0	0.307931	1.87084	0.147377	0.0461754	2.21161	0	2.45818	2.07712	1.78706	1.93564	1.7119	1.98957	2.54073	0.697684	1.81298	0.43927	0.405535	0.551089	1.56785	1.28603	0.0750389	1.78022	0.84793	0.0602471	1.11035	0	0.149989	0.236317	0	0	0	2
1.01809	2.64383	0.0777004	1.94153	1.80869	2.80641	0.418473	0.311629	2.80146	2.6756	2.32794	2.38164	0.43831	0.0314632	1.85304	2.17963	0.114455	2.14567	0.856703	2.20703	2.02865	1.42958	2.06599	1.48114	2.11911	2.35676	0.245479	1.81307	0.411907	0.309924	0.139138	2.07422	1.10576	0.0221868	1.91197	0.182537	0.191176	0.555602	0.101647	0.0308613	0	0	0	0	1
0.721043	2.53304	0.192827	2.16169	2.41657	2.9611	0.0966528	0.219587	2.60054	2.59426	2.37634	2.34274	0.00498069	0.0342663	1.95985	1.13845	0.186037	2.36494	0.017714	2.45848	2.25699	1.64446	1.97057	1.08992	2.33973	2.54685	0.345497	1.95684	0.499478	0.565856	0.906946	2.33904	1.26562	0.0477506	1.95985	0.598746	0.0382548	0.122586	0.207858	0.112092	0.0814878	0.0268377	0	0	1
1.13329	2.81291	0.120966	2.03085	1.95949	2.94182	0.888211	0.985412	2.71116	2.54395	2.38535	2.28731	0.0846936	0.0382548	1.83217	1.32074	1.08956	2.45965	0.111727	2.21008	2.31153	1.31457	2.1715	1.50861	2.39221	2.48117	0.193157	2.09574	0.956265	0.852233	0.583378	1.73991	1.23777	0	2.37835	0.743774	0.377152	0.326386	0.611428	0.156224	0.313329	0.0586952	0	0	1
1.29826	2.21592	0.168043	2.00319	1.85353	2.89272	0.0927476	0.856507	2.62563	2.52254	2.5111	2.35385	0.0420264	0	1.98697	1.18036	0.212538	2.28119	0.333039	2.32689	2.06535	1.49863	1.66505	1.11285	2.34186	2.5052	0.650565	1.86639	0.993829	0.207858	0.496266	1.8411	1.1974	0	1.96596	0.758104	0.308643	0.504106	0	0.092934	0.0780799	0	0	0.19694	1
1.32844	2.09864	0.150337	2.32067	2.06355	2.98634	0.197268	2.00149	2.78255	2.69	2.24328	2.40486	0.0117819	0	2.12075	0.543641	0.115181	2.22115	0.0612156	2.33489	1.88797	1.49133	2.37756	0.697518	2.44264	2.63433	0.239434	1.80685	1.26653	0.591687	0.342095	1.56767	1.53246	0	1.96753	0.229257	0.239901	0.566762	0.129211	0.0396463	0.0957247	0	0	0	1
1.65321	2.31722	0.273983	1.76486	2.18351	2.82466	1.11555	0.975254	2.66272	2.57137	2.20155	2.24124	0.335519	0.0400434	1.90407	1.33186	0.290048	2.11758	0.33758	2.32593	2.14245	1.65838	1.93172	1.42634	2.16746	2.49149	0.835455	1.85488	0.81628	0.247175	1.05229	1.78925	1.36415	0.584655	2.02494	0.627034	0.165318	0.547271	0.238033	0.163097	0	0.0312626	0	0.234597	1
0.942757	2.17693	0.0238074	2.12994	1.82696	2.76393	0.731832	0.133657	2.91401	2.66116	2.24898	2.36138	0	0.0372594	2.13658	0.261828	0.0773207	2.15864	0	2.35625	2.42975	1.74417	2.14335	1.84144	2.04443	2.36603	0.396446	2.03416	0.338266	0.781098	0.211088	1.27099	1.04765	0.709751	1.90212	0.213181	0.254841	0.0750389	0	0.0716044	0	0.0575294	0	0	1
0.732861	2.0074	0	1.62954	2.05774	2.72248	0.0670031	0.0296562	2.66939	2.65298	2.18443	2.34719	0.351584	0	1.90624	2.6097	0.164977	2.3112	2.7492	2.53298	2.06694	1.21747	1.56588	1.14584	2.09432	2.70358	0.470277	1.87565	0.320657	0.281836	0.664361	1.22323	0.501906	2.50855	1.47507	0.13949	0.0763707	0.0242121	0.211572	0.0342663	0	0.0540221	0	0.374019	1
1.67359	1.95049	0.974766	1.7729	1.8505	2.80895	0	0.151899	2.67256	2.66859	2.44629	2.31104	0.0973945	0	2.14508	2.2562	1.0402	2.08537	0.0489301	2.49496	1.90778	1.69799	2.12982	1.40244	2.31022	2.45821	0.2774	1.71694	0.519536	0.262282	0.153113	1.69942	1.15406	0.0227949	2.04737	0.424859	0.135252	0.125278	0	0.0912551	0	0	0	0	1
0.472001	2.62203	0.0848818	2.02631	1.97482	2.8808	0.0942375	0.0623763	2.96547	2.84959	2.55057	2.33899	0.0631492	0	1.82422	1.68108	0.501355	2.38276	0	2.28061	1.78839	1.2836	1.9166	1.24584	2.19883	2.70464	0.0551928	1.63414	1.1213	0.853485	0.428031	1.32876	0.536326	0	1.81065	0.766058	0.107161	0.144406	0.288003	0.668377	0.21847	0	0	0.492147	1
1.79705	1.34063	1.4809	2.1302	2.10362	2.52291	0.187201	1.91639	1.74985	2.42986	2.16986	2.29473	0.0300581	0.246559	2.50583	1.72328	1.43577	2.18531	0.103121	2.49196	2.25252	2.25663	2.58174	2.25291	1.97671	2.49613	1.58394	1.30411	0.353736	0	0.942357	1.30995	1.88386	0.138961	1.94753	0.495933	0.378064	1.21043	0.817534	0.406162	2.31258	0	0.432644	0.809549	1
1.35712	2.27543	0.00931501	1.89521	2.08463	2.71943	0.0280468	0.0931204	2.71056	2.76689	2.39204	2.32322	0.0326657	0.109356	1.87232	0.28213	0.387632	2.13957	1.81988	2.42484	2.18317	1.34343	1.72551	1.63558	2.0592	2.57604	0.607258	1.91997	0.814114	0.236785	0.202825	1.27755	0.7882	0.149641	1.64883	0.216711	0.121146	0.0390502	0	0.0551928	0	0	0	0	1
0.92021	1.70114	0.330828	2.01127	2.25917	2.72631	1.86732	0.843498	2.47854	2.57796	2.27865	2.29836	0.130013	0	2.20998	0.315944	0.304788	2.02557	0	2.48281	2.23454	1.80042	2.41369	1.80088	1.97452	2.6069	0.787763	2.10858	0.501686	0.166341	0.348208	1.65147	1.30548	0.0791227	1.60637	0.50914	0.194392	0.508322	1.07251	0.116722	1.29419	0	0	0	1
1.23736	2.24301	0	2.34096	1.92982	3.0381	0.0588893	0.0260307	2.81234	2.56013	2.52944	2.44327	0.0520673	0	2.0135	1.58928	0.0262325	2.14383	1.1342	2.44514	1.89571	1.5749	2.15127	1.63735	2.36827	2.67975	0.240678	1.65909	0.566561	0.25163	0.68225	1.23401	0.862508	1.15948	1.83369	0.324992	0.187201	0.0211723	0	0.0871368	0.140546	0.0475539	0	0	1
2.28866	0.960499	0.918994	1.44623	1.71782	2.56884	0.972103	1.6478	2.29622	2.43268	2.08139	2.31089	0	0.0382548	1.88826	0.271298	0.0246165	2.09786	0	2.31555	2.04626	1.63386	1.31855	1.3681	1.91867	2.66598	0.363481	1.89345	0.348479	0.237721	0.633473	1.24505	0.643562	0.0786488	1.2089	0.307931	0.121686	0.0392489	0	0.0282481	0.345769	0	0	0	2
1.7681	2.42334	0.628419	1.91603	1.83804	2.81266	0.738458	0.968496	2.91261	2.67185	2.40058	2.37536	0.0362629	0.226732	2.02405	0.787836	0.224675	2.19309	0	2.36915	2.15272	1.66941	2.1945	1.72938	2.21833	2.52243	0.28375	1.83822	0.620348	0.774068	0.40779	1.71312	1.18139	1.51977	1.84157	0.568773	0.0471603	0.253925	0	0.222135	0.18886	0	0	0.708932	1
0.653862	2.35708	0.163268	1.77308	1.54812	2.90833	0.177343	0.210605	3.11578	2.67843	2.49095	2.41124	0.0227949	0.0524586	1.94761	1.46798	0.263339	2.19867	1.41791	2.31411	2.08169	1.28989	2.03562	1.46581	2.33322	2.44317	0.0858221	1.89076	0.837821	0.171437	0.521575	1.33986	0.866069	1.2169	1.78904	0.729847	0.300337	0.23959	0.236161	0.0758002	0.177847	0	0	0	1
0.983704	2.54379	0.0786488	1.92564	1.7187	2.66088	1.14783	1.45065	2.48552	2.36831	2.0901	2.23407	0.209798	0.341276	2.01185	0.123305	0.114274	1.98857	1.54579	2.43412	2.2485	1.6824	1.97198	1.62193	2.08665	2.41919	0.316156	1.94544	0.549956	0.681653	0.989556	1.20669	1.20738	0.148074	2.03179	0.114092	0.224358	0	0.174648	0.105877	0	0.043807	0	0	1
1.34261	2.5163	0.435302	2.12652	2.11498	2.886	0.393265	1.10545	2.66683	2.69	2.45174	2.39519	0.130458	0	2.14017	1.84811	0.402392	2.19691	1.22372	2.41879	1.73352	1.81891	2.22161	1.56122	2.20283	2.61213	0.405159	1.85842	0.579927	0.103857	0.750669	1.67091	1.42788	0.278141	2.12858	0.60201	0	0.71943	0.145281	0.087512	0.20315	0	0	0.264847	1
1.37945	2.07616	0.308786	1.89434	1.7872	2.84493	0.0616027	0.217671	2.86828	2.72589	2.40161	2.33586	0.0970237	0.0215783	1.81326	1.41094	0.456227	2.19023	1.32263	2.26437	1.93467	1.39007	2.33751	1.49611	2.19139	2.47534	0.396954	1.67288	0.933952	0.739713	0.742215	1.9512	1.14063	1.20024	1.97101	1.22787	0.134898	0.426691	0	0.223406	0.146504	0	0	0.348614	1
1.37763	1.1078	0.284191	1.94997	2.3677	2.87888	0.0318642	0.018529	2.68747	2.75442	2.63158	2.51695	0	0.00746015	2.02459	0.856834	0.193157	2.3409	0.0334664	2.09824	2.04302	1.74193	1.78701	1.92763	2.07066	2.88943	0.157776	2.04363	1.4386	0.403776	0.129568	1.72165	1.22559	0.074658	1.88066	0.207858	0.29034	0.242695	0.602297	0.0107549	0	0.0171023	0	0	1
1.15041	2.79378	0.0240098	2.00645	2.14837	2.9726	2.12708	1.23591	2.85373	2.57876	2.16384	2.31211	0.00725381	0.771608	1.9323	0.836335	0.589058	2.32129	0.0258288	2.27671	2.15642	1.54468	1.90263	1.6994	2.12764	2.46576	0.432765	1.8979	0.385058	0.681909	0.754665	1.25134	1.22418	0	2.09742	0.478513	0	0.624163	0.499147	0.0947955	0.116812	0.0390502	0	0.493151	1
1.03605	2.46571	0.0569459	1.99274	2.12629	2.90735	0.546547	0.0748484	2.99989	2.7547	2.30031	2.27612	0.0512841	0	1.95317	2.04567	0.227996	2.11584	0.267103	2.20867	1.88213	1.07685	1.94872	1.30881	2.20189	2.71612	0.420689	2.00115	0.491924	0.43783	0.43963	1.78219	1.06563	0.348344	2.02866	0.404908	0.288295	0.0612156	0	0.0583068	0	0	0	0	1
1.28729	2.63394	0.0966528	2.1746	2.02526	2.90089	0	1.12854	2.65855	2.70759	2.4355	2.35483	0.0426203	0	1.96405	0.145806	0.320236	2.44881	0	2.4231	2.05952	1.31823	2.27726	1.7569	2.38018	2.41207	0.333039	2.01123	0.361622	0.88358	0.471656	1.29095	1.10901	0.0420264	1.85347	0.274578	0.356017	0.117536	0.616606	0.112274	0.25606	0.0906947	0.0526542	0	1
0.691485	2.58945	0.60201	2.12368	1.93687	2.97219	1.03286	0.383251	2.94905	2.7471	2.49849	2.39795	0.10899	0	1.88985	1.26102	0.179693	2.26591	0.140722	2.25658	2.01462	1.51776	1.68193	1.43528	2.15242	2.52296	0.210121	1.68508	0.894168	0.605354	0.517382	1.92338	1.34583	0.795802	2.11231	0.362021	0.132592	0.229573	0.133303	0.0606346	0	0	0	0	1
0.90628	2.51841	0.0869491	1.72618	1.84136	2.773	0.866004	0.757646	2.8547	2.71978	2.46535	2.34412	0.00518759	0.0238074	1.83106	0.632465	0.226574	2.31277	0.636396	2.36096	1.85931	1.43681	1.96164	1.49414	2.13252	2.56248	0.473376	1.7644	0.933198	0.221658	0.285072	1.45012	1.30377	0.0250208	1.86915	0.575168	0.0392489	0.836403	0.213181	0.243005	0.352795	0	0	0	1
2.37104	0.700265	1.0834	1.53018	1.67419	2.64471	1.45833	1.73191	2.40086	2.34076	2.1543	2.21373	0	0.4229	1.90489	0.377022	0.0970237	2.12774	0	2.48989	2.06076	1.98999	1.86971	1.72279	2.15234	2.46284	0.696349	1.77535	0.368241	0.431312	0.815372	1.67844	1.23501	0.0240098	1.96023	0.799033	0.0378568	0.121146	0.205589	0.415507	0.0805425	0	0	0	2
2.20661	1.38712	0.678229	1.57312	1.67977	2.68092	1.88718	1.41114	2.53012	2.41988	2.17134	2.19304	0	0.112274	1.7299	0.335795	0.0590834	2.08737	0.035864	2.45052	2.01609	1.56266	1.84072	1.53672	2.22436	2.44158	0.378454	1.95108	0.444529	0.153805	0.243624	1.48292	1.07799	0	1.89347	0.675995	0	0.458451	0.21286	0.268304	0.29296	0	0.118621	0	2
1.25174	2.30234	0.120606	2.05676	1.74783	2.73666	0.435302	2.13333	3.13257	2.7774	2.47496	2.42342	0.00869718	0.0298572	2.11165	0.098691	0.375195	2.21611	0.101831	2.37563	2.17875	1.33789	2.09734	1.27858	2.24963	2.52084	0.393902	1.89731	0.710161	0.731356	0.190846	1.41506	1.43189	0.0209693	1.86684	0.398602	0.125457	0.455992	0	0.0432139	0	0.0234025	0	0.45046	1
1.07845	2.28289	0.0985059	1.82209	1.89308	2.81715	0.395302	0.450578	2.9738	2.73616	2.5745	2.30391	0.0382548	0.035864	2.06096	1.26624	0.539888	2.07847	0.0542174	2.4128	1.84072	1.37937	2.43495	1.35329	2.17169	2.5204	0.610483	1.82771	0.810675	0.224516	0.0822432	1.72343	1.27438	0.108442	2.02035	1.05883	0.0590834	0.105877	0	0.0520673	0	0	0	0	1
0.875744	2.53959	0.0508922	2.2693	2.06619	2.86011	0.418966	0.186702	2.7315	2.75333	2.39937	2.53345	0.00477375	0	1.91425	1.26706	0.282572	2.28021	0	2.37093	1.96779	1.19891	2.06444	1.51918	2.21452	2.48018	0.25209	1.96106	0.664711	1.00317	1.22369	1.94086	1.10658	0.274132	1.71878	0.54062	0.166682	0.308073	0	0.0316637	0.272791	0	0	0	1
0.997184	1.92277	0.363746	1.79907	1.79679	2.84103	0.0258288	0.116631	2.94734	2.76053	2.23447	2.33624	0.147726	0	2.01832	0.474178	0.184206	1.9966	0.115544	2.31833	1.64614	1.43627	2.45084	1.51566	2.14479	2.3938	0.299041	1.89572	1.138	0.917032	0.685569	1.976	0.860818	0.631914	1.98663	0.202173	0.234441	0.0360635	0	0.0130126	0	0.0207662	0	0	1
1.2961	2.42523	0.263942	1.89423	2.02692	2.6994	0.651903	0.543433	2.76669	2.72773	2.42941	2.42313	0.0795962	0.151205	1.889	1.42709	0.290048	2.09428	0.286832	2.21405	2.10489	1.44308	2.28426	1.31909	2.23419	2.52652	0.319815	1.95508	0.612089	0.858927	0.327499	1.17975	1.00698	0.183539	1.76571	0.52681	0.383638	0.211088	0	0.0553878	0.131882	0	0	0	1
1.54915	1.97192	0.0374586	1.79789	2.0275	2.70337	0	1.31245	2.79093	2.79779	2.56969	2.3129	0.546547	0	2.08002	1.51072	0.381957	2.20213	0.508049	2.27098	2.18593	1.60509	1.9836	1.51534	2.12602	2.72066	0.558052	1.90533	0.819064	0.429734	0.403399	1.26267	1.79526	0.0412337	1.92305	0.397335	0.180865	0.387375	0	0.23036	0	0	0	0	1
2.24929	0.843197	1.05009	1.54826	1.65506	2.65971	1.40853	1.50376	2.5132	2.29895	2.10593	2.18931	0	0.175154	1.89784	0.393009	0.115725	2.05841	0	2.478	2.06504	1.74169	1.9213	1.73919	2.12965	2.41943	0.845001	1.88012	0.587887	0.175828	1.52417	1.57079	1.26323	0.159496	2.00691	0.408915	0.168214	0.119524	0.129924	0.0962817	0	0	0	0	2
1.48378	2.20882	0.342231	1.66788	2.04841	2.72471	1.96764	0.593143	2.80624	2.61193	2.15389	2.22288	0.00766645	0.258494	1.7342	1.87121	0.21847	2.16717	0	2.33267	1.93547	1.54098	1.9081	1.24366	2.25283	2.47544	0.724979	1.87612	0.380013	0.391349	0.297019	2.1643	1.00945	0.0719867	1.82113	0.552014	0.254993	0.419828	0	0.0258288	0	0	0	0	1
0.547168	2.35573	0.0876996	2.11434	1.92085	2.87043	2.11112	0.114637	2.74629	2.53496	2.09802	2.37639	0.0256269	0.579037	2.03543	0.219906	0.442024	2.3578	0.136667	2.37988	2.31373	1.68685	2.05706	1.00601	2.45645	2.51051	0.617263	1.83791	0.879864	0.223406	0.589936	2.08836	1.76577	0	2.22643	0.540933	0.454701	0.661554	0.114455	0.0175102	0	0	0.0619896	0	1
1.31397	2.48974	0.0240098	2.20051	1.89262	2.90709	0.0485371	1.0096	2.62005	2.5798	2.33989	2.80622	0.141073	0	1.91104	0.934184	0.363481	2.25854	0	2.42525	1.97027	1.16672	1.81969	1.0853	2.19553	2.73577	0.432886	2.03801	0.82156	1.48628	0.227996	1.16887	0.667942	0.0691152	1.36923	0.275173	0.107344	0.173805	0	0.219268	0.309782	0	0	0.284778	1
1.8274	2.70539	0.192497	2.05603	1.9352	2.9935	1.76266	0.82611	2.74992	2.67856	2.2353	2.32933	0.0119871	0.0549978	2.0416	0.691149	0.437589	1.94066	0.15812	2.41704	1.96699	1.70324	2.05127	1.63902	2.11361	2.49949	0.926665	1.92308	0.668899	0.179357	0.412405	1.7619	1.31879	0.11191	2.07682	0.163781	0.313188	0.405786	0.246713	0.186204	0.186037	0.179022	0	0	1
0.756348	2.6429	0.0725599	2.05557	2.05236	2.86973	0.205264	0.15294	2.81355	2.60037	2.34626	2.35381	0.244088	0.05148	1.93274	1.75574	0.283308	2.25463	1.8992	2.25597	2.02033	1.41917	1.94667	1.54237	2.30841	2.56521	0.409415	1.8336	0.629156	0.528298	0.546132	1.65479	1.03713	0.779993	1.85473	0.393902	0.231146	0.313471	0	0.318691	0.31841	0.0598594	0	0	1
1.06879	2.12402	0.364144	1.76221	2.04482	2.74727	1.81521	2.19244	2.51522	2.46688	2.39619	2.33582	0.00622133	0	2.00273	0.546132	0.351853	2.1976	0	2.48994	2.15882	1.51086	2.0007	1.51021	2.01378	2.47257	0.562927	2.03655	0.286539	0.1812	0.307645	1.90012	1.33646	0.0861979	1.93349	0.958051	0.133125	0.172622	0	0.0207662	0.099246	0	0	0	1
1.22594	2.35505	0.00972665	1.89765	2.04375	2.84959	0	2.2122	3.0334	2.83313	2.70374	2.38935	0.483048	0	1.86853	0.0348658	0.247637	2.14952	0.533062	2.38856	2.07968	1.4218	1.92992	0.936439	2.18216	2.62343	0.0660413	1.73195	1.16165	0.133657	0.231618	1.24369	1.30423	0.0422244	1.64243	0.22768	0	0.936208	0.885524	0.0296562	0	0.0469634	0	0	1
1.22812	2.36186	0.626757	2.19	2.10752	2.92586	0.284632	0.366526	2.82873	2.6539	2.47358	2.39878	0.0234025	0	1.84664	1.32459	0.165659	2.38824	0.0493229	2.12782	2.03843	1.19832	1.95125	1.73322	2.32994	2.58646	0.0362629	2.04955	1.14296	0.900315	0.485756	1.75111	1.00544	0.109173	1.85814	0.506189	0.104408	1.39118	0.198087	0.148423	0.0775105	0	0	0	1
1.87748	2.08136	0.0128076	1.91502	1.72572	2.77505	0.528829	0.902269	2.74285	2.56228	2.34306	2.32144	0.0394476	0.0264343	1.75881	0.425225	0.356151	2.17424	0.0203599	2.25552	1.79204	1.34961	1.97289	1.45923	2.10096	2.58265	0.490583	1.85896	0.472574	0.807996	0.647162	1.43972	0.992513	0.304645	1.64274	0.81962	0.0856341	0.413895	0.125995	0.238656	0.0933066	0	0	0	1
1.70726	2.04648	0.0278454	1.79624	1.88323	2.75917	0.0829979	0.138785	2.63837	2.69826	2.42113	2.36234	0	0	1.90986	0.399615	0.258949	2.14729	0.236785	2.32539	1.9614	1.45138	2.37372	1.43669	2.09307	2.44516	0.553759	1.8369	0.483726	0.466125	0.242385	1.47021	1.03767	0.169912	1.89465	0.431675	0	0.0590834	0	0.15898	0	0	0	0	1
1.63846	2.27307	0.336207	1.54621	1.66604	2.6662	1.27144	0.585734	2.62762	2.43484	2.12965	2.25084	0	0.258646	1.76893	0.75757	0.364541	2.02543	0.0284494	2.3664	2.20779	1.37081	1.87002	1.51137	2.1024	2.59458	0.061022	2.06036	0.639217	0.5555	1.45223	1.5571	1.25425	0.471197	1.91297	0.683103	0	0.788054	0	0.174986	0	0	0	0.310493	1
0.301201	2.84042	0.101278	1.76731	2.13477	2.93856	0.378324	1.35295	2.51607	2.6821	2.56817	2.4115	0.0428182	0	2.02004	0.100355	0.207534	2.32384	0	2.12488	1.73435	1.67035	2.17199	2.04838	2.37804	2.74129	0.184206	1.72347	1.14795	0.587789	0.193816	1.96716	1.60244	0	1.98186	0.227522	0.237877	0.513381	0.336207	0	0	0	0	0	1
1.4606	1.99193	0.0442022	1.09513	1.26405	2.71763	0.424614	0.242385	2.93982	2.49084	2.12395	2.17929	0.16583	0	1.7879	1.42166	0.0955389	2.13155	2.40657	2.36405	1.78401	1.32415	2.15228	1.35784	2.18232	2.3875	0.43999	1.75928	0.53359	0.5999	0.667855	1.4097	1.03713	1.71565	1.94311	0.328749	0.10017	0.331243	0	0.0453867	0	0.0364623	0	0.267404	1
1.81483	2.0278	0.100909	2.21778	2.14957	2.91059	0.194968	0.227206	2.5869	2.74071	2.51546	2.57708	0.0314632	0	2.0235	2.38306	0.210282	2.34932	1.47699	2.27739	2.08471	1.29104	1.71176	0.972484	2.26693	2.74336	0.266051	2.0629	0.367054	0.483048	0.791469	1.76844	0.711715	0.208828	1.6912	0	0.117174	0.0559724	0	0.0270393	0	0	0	0.307788	1
0.859058	2.05117	0.00746015	1.87654	2.18998	2.89307	0.0664262	0.0579182	2.85131	2.78458	2.77245	2.38409	0.0957247	0	2.29952	2.61558	0.163781	2.128	1.51429	2.46688	2.06853	1.83298	1.87361	1.48668	1.96755	2.55312	0.62472	1.86296	0.769064	0.486094	0.624812	1.47559	1.01404	0.205102	1.71933	0.391349	0.341139	0.0623763	0.14598	0.0449921	0	0.0360635	0	0	1
1.76609	2.45581	0.396065	1.80094	2.16571	2.87544	1.00317	1.48333	2.70551	2.74384	2.37906	2.2587	0.00704741	0.300481	1.93559	0.742683	0.477374	2.31014	0.0489301	2.33963	2.16942	1.66115	2.1681	1.52035	2.27648	2.50784	0.316015	1.859	0.681824	0.797671	0.765983	1.56547	1.36309	0.0981356	2.109	0.823218	0.238189	0.898661	0	0.153978	0	0	0	0.275768	1
1.03478	2.50876	0.0410355	2.03814	1.50569	3.00497	1.32345	1.63773	2.84941	2.51419	2.36474	2.39708	0.0278454	0.0432139	1.74988	0.28771	0.303212	2.3986	0	2.2461	1.95409	1.16173	1.76826	1.48378	2.09965	2.47229	0.196776	1.87656	0.670289	0.852694	0.596723	1.5418	0.806936	0	2.06294	0.242385	0	0.819134	0	0.29673	0.476348	0	0	0	1
1.60867	2.37194	0.109173	1.94476	1.85088	2.71532	1.77727	0.807925	2.63357	2.46872	2.13201	2.32142	0	0.238189	1.98228	0.626387	0.283456	2.14017	0	2.34244	2.38088	1.6388	2.12723	1.69755	2.27264	2.47029	0.877522	2.09171	0.545199	0.708768	0.436747	1.1887	1.39249	0.0211723	2.06687	0.606783	0.155534	0.126353	0.262886	0.174986	0.0716044	0.023605	0	0.181702	1
1.0639	2.04905	0.0752293	1.51516	1.73707	2.82954	0.683784	0.20721	2.7971	2.45851	2.34158	2.3798	0.034666	0.0404404	1.93492	0.857031	0.304645	2.14501	0.29034	2.14097	1.98753	1.4125	2.51311	1.73897	2.16451	2.55109	0.185039	1.62269	1.32635	1.05836	0.520288	1.69408	1.19342	0.320376	2.10866	0.322198	0.12814	0.395811	0.18637	0.164635	0	0	0	0	1
1.40232	2.14729	0.0863858	2.04628	1.88966	2.80719	0.098691	0.300625	2.89237	2.58273	2.21857	2.30243	0.123305	0	1.84875	1.16209	0.0867614	2.21051	1.19987	2.28625	1.97157	1.19543	2.05324	1.4811	2.10279	2.34591	0.210443	1.72041	0.486656	0.489463	0.13028	1.22587	0.787398	0.749975	1.731	0	0.210927	0	0	0	0	0	0	0	1
0.829742	2.76462	0.0750389	1.94759	1.71088	2.77319	0.0880746	1.15566	2.78744	2.48929	2.38872	2.40274	0.0475539	0.786377	1.90103	0.946005	0.380921	2.06812	0.744475	2.14702	2.07783	1.59634	1.94224	1.32865	2.32334	2.44218	0.515006	2.10465	0.428031	0.970138	0.174986	1.95271	1.03073	0.0262325	2.17132	0.633381	0.041432	0.499147	0	0.0183254	0	0	0	0	1
0.895032	2.51178	0.0457811	1.79566	2.27517	2.7916	1.78364	0.106794	2.90617	2.65121	2.43684	2.523	0	0.0936791	1.74893	0.919825	0.211572	2.22253	1.73491	2.40531	2.16542	1.33282	1.85148	0.893983	2.10019	2.33796	0.46705	1.91914	0.405535	0.566561	0.627588	2.25973	1.24814	0.258494	1.9294	0.555806	0.0858221	0.24625	0.0863858	0.0386526	0.0635354	0.0207662	0	0	1
1.62448	1.11221	0.12814	1.90628	1.88592	2.82432	0.0835635	0.221499	2.35987	2.61564	2.67552	2.47791	0	0	2.06497	1.46409	0.192992	2.12036	0.0300581	2.18144	2.14725	1.64263	1.98066	1.99622	2.24209	2.55351	0.717651	2.03107	0.757112	0.428883	0.189522	2.114	1.08317	0.0805425	2.02451	0.356418	0.18053	0.291797	0	0.218629	0.135429	0.0455839	0.0516758	0	1
1.59626	2.40541	0.17667	1.5575	1.75131	2.71876	0.705561	0.290923	2.70847	2.69956	2.15821	2.27462	0.00972665	0.0447947	1.97936	2.40383	0.0835635	2.12307	2.00805	2.5556	2.11093	1.63635	1.84326	1.54696	2.14901	2.4382	0.678401	1.76494	0.348479	0.1479	0.170929	1.9665	0.997863	1.96474	1.94192	0.134721	0.261677	0.170082	0	0.181033	0	0	0	0	1
1.24854	2.2725	0.0988761	2.28404	2.17908	2.69462	1.27631	1.95678	1.98936	2.72699	2.44363	2.48825	0.0893857	0.117355	2.19513	1.11388	0.403147	2.32725	0	2.44766	2.12884	1.76808	2.29934	1.84105	2.0842	2.68837	0.267404	1.66506	0.489463	0.69199	0.487106	0.941613	1.12787	0	1.6506	0.449751	0	0.0623763	0	0.0449921	0.870444	0	0	0	1
1.59284	2.03774	0.0354649	1.93556	2.05848	2.78343	0.019038	0.0432139	2.70536	2.92797	2.34738	2.33459	0.0271401	0	2.13016	1.13265	0.225625	2.13911	0.099431	2.294	2.01519	1.78241	2.55128	1.68318	2.1487	2.63608	0.235614	1.82189	0.858666	0.629018	0.147551	1.29728	1.09827	0.440229	1.70054	0.275694	0.170251	0.219826	0.155879	0.036861	0.3656	0.0569459	0.0228962	0.0828093	1
0.829947	2.51192	0.387889	1.87182	1.71378	2.76233	0.145806	0.466125	2.83578	2.50061	2.26089	2.25049	0.0516758	0.398602	1.96976	0.737201	0.676683	2.17992	0.0463725	2.29766	2.10261	1.41516	2.13534	1.94416	2.29498	2.54053	0.185705	1.98758	0.990983	0.64085	0.674271	1.75185	1.25077	0.757417	2.07684	0.76069	0.143355	0.808279	0	0.126889	0.106977	0	0.0788384	0.262735	1
1.34202	2.55026	0.360824	2.09025	2.24766	2.81185	0.036861	1.11139	2.68829	2.69394	2.62505	2.50256	0.0936791	0.0254249	2.11865	0.769663	0.321498	2.14202	0.0384537	2.36334	2.04787	1.81842	1.98064	1.34111	1.8505	2.55817	0.541976	1.79863	0.761752	0.604973	0.673321	1.44953	1.28227	0	1.77453	0.768839	0.400499	0.0512841	0.2261	0	0	0	0	0	1
1.30051	1.88168	0.0784592	2.21375	2.09376	2.85318	0.153459	1.09144	2.78914	2.57972	2.28534	2.43333	0.0400434	0	2.0884	0.600476	0.269054	2.26823	0.0288519	2.36834	2.17943	1.70252	2.30702	1.7021	1.95106	2.55137	0.315733	1.63396	0.430705	0.68097	1.38756	1.2045	1.11636	0.0394476	1.87506	0.455171	0.316297	0.223406	0	0.0544126	0	0	0	0	1
0.31432	1.94724	0.112092	2.19183	2.03764	2.85079	0.611995	1.16984	2.28887	2.46684	2.05787	2.54892	0.0134225	0	1.8596	2.1484	0.24192	2.32615	0.0467665	2.42532	2.27691	1.35028	1.42415	0.767112	2.15733	2.83508	0.406037	1.90018	0.605164	1.34723	0.876506	2.10316	0.862508	0.0639214	1.73993	0.980059	0.406789	0.0623763	0.269203	0.0449921	0.366129	0	0.15242	0	1
2.29533	1.10318	0.855982	1.43303	1.66522	2.68857	1.68363	1.72849	2.38405	2.35658	2.16158	2.21264	0	0.572876	1.85137	0.199887	0.0944235	2.14167	0	2.48787	2.01371	1.74543	1.92429	1.66644	2.22279	2.42307	0.857293	1.84	0.425348	0.522754	0.458685	1.86489	1.18364	0.0532408	2.02501	0.570277	0.0831865	0.169572	0	0.140898	0	0	0	0	2
1.46667	1.84144	0.123484	2.12027	1.95389	3.04363	2.13852	1.17565	2.58763	2.6385	2.44166	2.46167	0.0117819	0	1.82601	0.64284	0	2.3153	0.0416301	2.31707	1.79579	1.46908	1.96498	1.3447	2.08032	2.76876	0.426447	1.89065	0.534011	0.548511	0.203801	1.88127	1.2916	0.0569459	1.73001	0.597494	0.24192	0.180028	0	0.114819	0.183205	0.0629561	0	0	1
2.39117	1.03157	0.713754	1.38441	1.57573	2.68695	1.19591	1.54283	2.57339	2.44344	2.10741	2.12454	0	0.182203	1.56599	0.103305	0	2.10922	0	2.3647	1.99623	1.70341	1.71763	1.45182	2.12582	2.32408	0.707865	1.74149	0.582492	0.162241	0.0579182	1.65914	1.03845	0	1.59135	0.429856	0.370479	0.379753	0	0.0884494	0	0.0292542	0	0.39352	2
1.35847	1.71893	0.161984	2.07759	2.00689	2.57251	0.0274425	0.27495	2.494	2.74318	2.46116	2.2775	0.00218264	0.00859416	2.02306	1.85131	0.508867	2.0917	0.269278	2.45918	2.11264	1.59612	2.17361	1.87673	2.09171	2.63349	0.547116	2.01549	0.83772	0.185538	0.270999	1.16768	1.12177	0.0766558	1.54088	0.141776	0.227443	0.123933	0.227048	0.0249198	0.583279	0.0121923	0.0444985	0	1
1.15916	1.98992	0.13596	1.72727	1.7748	2.72409	0.849389	0.108259	2.80756	2.545	2.20628	2.27142	0.11645	0.0181216	1.86581	1.10776	0.257734	2.03637	0.0274425	2.37163	2.14434	1.50877	1.88802	1.82744	2.16637	2.29853	0.34373	1.92654	0.319253	0.658823	0.400247	1.15865	0.915661	0.882008	2.01209	0.108808	0.114092	0.137903	0	0.190681	0.124023	0	0	0	1
1.34591	2.39359	0.374411	2.03452	2.07204	2.91499	0.400626	1.43504	2.76194	2.6963	2.2707	2.4754	0.0136273	0.0158775	2.0904	1.12812	0.0201566	2.23356	0	2.4088	2.1737	1.73392	1.8733	1.40355	2.42375	2.44221	0.444172	1.88687	0.497265	0.551192	0.951889	1.31505	0.920832	0.259556	1.99074	0.0964672	0.233187	0.345361	0	0.0679638	0.207534	0	0	0	1
1.46148	2.29977	0.212216	1.89279	1.8564	2.78903	1.59983	0.569776	2.76227	2.51242	2.29745	2.33371	0.0105493	0.0244143	1.94736	0.60201	0.42155	2.1703	0	2.38586	2.38836	1.3608	2.02977	1.80251	2.39358	2.49612	0.460901	2.00503	0.600476	0.629064	1.01256	1.58387	1.01713	0.0506962	2.0191	0.421181	0.217671	0.107344	0	0.235692	0	0.0559724	0	0	1
1.52825	0.426203	0.0737049	1.84782	1.96256	2.85036	0.177006	1.12988	2.63852	2.56186	2.55278	2.3716	0.0557776	0.026636	2.19291	0.62768	0.440229	2.15334	2.35874	2.29032	1.8894	1.3948	2.12968	1.35384	2.35917	2.71161	0.414888	1.90162	1.04331	0.624905	0.451877	1.43374	1.00373	0.244243	2.26821	0.659705	0.299761	0.336344	0.235692	0.208828	0	0	0	0	1
1.11512	2.59203	0.0469634	1.84988	1.9917	2.72607	0.157431	0.398729	2.73966	2.83063	2.7655	2.34474	0	0.0332663	2.20928	1.62233	0.400752	2.1412	2.43145	2.32953	2.21043	1.61259	1.83974	1.78252	1.91838	2.85017	0.323177	1.5407	0.688365	0.446789	0.162755	1.11692	0.923844	1.43951	1.68522	0.191507	0.243779	0.113547	0.155534	0.048144	0.115725	0.0386526	0.085258	0.489463	1
1.11052	2.03846	0.0973945	2.18156	2.16264	2.64054	0	0.143706	1.89098	2.62868	2.45913	2.19264	0	0	2.07912	0.0518716	0.0754196	2.16869	0.131348	2.56599	2.35446	1.60038	2.09228	1.77828	1.74712	2.56309	0.516951	1.66717	0.364144	0.589643	0.419212	0.860231	1.23032	0	1.55638	0.177006	0.0977652	0.145631	0	0	0	0	0	0	1
1.13635	2.15999	0.670203	2.13864	1.82339	2.88793	0.102568	2.09689	2.72972	2.50194	2.32796	2.60313	0.0209693	0	1.91084	0.224833	0.245324	2.24776	0.0372594	2.43724	2.2611	1.55429	1.81525	1.18738	2.23975	2.65262	0.151726	1.7545	0.433612	1.18986	0.352526	1.52358	0.771533	0.0988761	1.81921	0	0.0794068	0.118982	0.391988	0.327082	0	0	0.122586	0	1
1.34788	1.05576	0.651636	1.75651	2.0267	2.21242	1.26401	0.75993	1.39388	2.17835	2.12177	2.04869	1.77104	1.57753	2.42593	0.325271	1.48202	2.169	0	2.52134	2.71407	2.22382	2.45093	2.39626	1.68454	2.48285	1.63566	1.72031	0.393647	0.347938	1.68731	0.918994	2.04007	0	1.93713	1.41198	0.262735	0.984879	0.263942	0.0858221	2.32046	0	0.92402	0.455758	1
0.938802	2.36104	0.0364623	1.90309	1.83114	2.78242	1.44378	0.289464	2.8047	2.66084	2.30361	2.34598	0.0645001	0.346311	1.89893	1.04044	0.158464	2.1786	1.4037	2.33323	2.05727	1.55325	2.12898	1.77109	2.29835	2.5239	0.363746	1.92381	0.673062	0.567869	0.957047	1.30769	1.02861	0.482256	1.78979	0.308073	0	0.353736	0.550471	0	0.132415	0.0445972	0.185538	0.31855	1
1.30057	2.47464	0.286099	1.71062	1.92583	2.73542	0.291797	0.651101	2.48282	2.69426	2.48949	2.30915	0.0168983	0.146155	1.86303	1.51983	0.259708	2.336	0.916734	2.30763	2.07287	1.71004	1.92773	0.884772	2.16881	2.55216	0.410288	1.66689	0.733257	0.802106	0.661993	1.98172	1.49318	0.0801641	1.89196	0.754129	0.231618	0.480103	0	0.159324	0	0	0	0	1
0.799892	2.21426	0.199887	2.1183	2.08558	2.90511	0.302925	0.43022	2.82902	2.75611	2.58304	2.40074	0.0440047	0	1.9776	0.950028	0.573973	2.24535	0.0394476	2.24948	2.07806	0.986903	1.8138	1.79948	2.35892	2.55175	0.15984	1.96791	0.810746	0.655638	0.750438	1.29549	1.02262	0.128319	1.83335	0.809267	0.160183	0.20315	0.230989	0.125457	0.31672	0.030259	0	0	1
2.46035	0.776741	1.05091	1.61282	1.74753	2.64205	1.55706	1.66378	2.41124	2.40738	2.11897	2.13575	0	0.130992	1.83818	0.158808	0	2.05824	0	2.51185	2.07381	1.91648	1.98337	1.72157	2.12244	2.4079	0.784476	1.87364	0.399867	0.131704	0.433853	1.52013	1.27518	0.118982	1.87792	0.316861	0.0652711	0.168893	0	0.161556	0	0	0	0.327638	2
0.931455	2.25244	0.0440047	1.45451	1.87625	2.85958	0.313613	0.339636	2.85667	2.70515	2.19735	2.20433	0.382475	0.131526	1.82704	2.09536	0.0861979	2.19496	1.61154	2.53413	1.98139	1.50147	1.7124	1.50207	2.13629	2.45261	0.323736	1.75032	0.345226	0.487106	0.375195	1.50145	1.07493	1.87695	1.71261	0.138785	0.0759904	0.232403	0	0.0340664	0	0	0	0.622119	1
1.63191	2.39292	0.123484	2.01045	1.94188	2.88922	0.56323	0.493374	2.73373	2.68205	2.41961	2.36532	0.0181216	0.0420264	2.04658	1.03991	0.0530453	2.20825	0.322478	2.38572	2.15377	1.57998	1.95016	1.43367	2.34307	2.62382	0.298175	1.89518	0.610861	0.257886	0.362818	1.44976	1.01414	0.08601	1.95679	0.236317	0.13277	0.141776	0	0.0308613	0.144231	0	0	0.344002	1
1.61403	1.83136	0.0109604	2.15511	1.9765	2.8422	0.153286	0.238812	2.77283	2.63259	2.31431	2.43911	0.0479473	0	2.08738	1.49183	0.586224	2.10105	1.24103	2.36029	1.92172	1.63141	2.23975	1.6956	2.38963	2.55919	0.289026	1.88642	0.483726	0.430341	0.264997	1.43547	1.29139	0.0918151	2.01025	0.625831	0.108259	0.170421	0	0.0955389	0	0.0771308	0	0	1
1.19129	2.46188	0.030259	1.87137	2.0412	2.83639	0.0897599	0.304788	2.76285	2.84261	2.72317	2.37095	0.0272409	0	2.28724	2.558	0.150511	2.23757	1.88528	2.50362	1.74545	1.99388	2.15337	1.46432	2.2323	2.7579	0.99325	1.94157	0.440828	0.495266	0.202336	1.33192	1.03771	0.926899	2.14432	0.814743	0.148597	0.10899	0.149293	0.0461754	0	0.139314	0.156224	0	1
1.41908	1.37322	1.2145	1.70048	2.08331	2.32114	1.5488	1.01966	1.96822	2.46537	2.23868	1.7656	0.997393	0.089947	2.33596	0.826385	1.19784	2.2629	0	2.55816	2.55712	2.05119	2.26673	2.34601	1.83935	2.38517	1.4046	1.3467	0.417979	0.486994	0.855785	0.647431	1.61161	0.325829	1.8564	0.731197	0	0.382346	0	0	2.45526	0	0.650207	0	1
2.2327	1.19465	0.691233	1.30527	1.5132	2.67648	1.24329	1.58277	2.58329	2.46919	2.1254	2.16217	0	0.125099	1.67646	0.147551	0.0260307	2.06383	0	2.41179	2.00562	1.69249	1.85526	1.4615	2.15682	2.3774	0.586811	1.84981	0.417609	0.519643	0.286539	1.72413	1.03688	0.0215783	1.79005	0.2291	0.23959	0.2064	0	0.0298572	0.201521	0	0.0532408	0	2
1.05248	2.50041	0.0487336	2.1533	2.14189	2.90131	0.141601	1.48004	2.69658	2.72357	2.3455	2.51446	0.0510882	0	2.00431	0.362419	0.512622	2.30558	0	2.25071	2.02783	1.37795	2.40254	1.25019	2.24872	2.50794	0.109904	1.7159	0.428153	1.00528	1.00296	1.54545	1.00791	0.136314	1.96716	0.818856	0.0569459	0.324016	0	0.0254249	0.119885	0	0	0	1
1.51157	1.93791	0.171776	1.87084	1.93607	2.77126	0.0516758	0.127962	2.93702	2.61776	2.5247	2.27524	0.0453867	0	1.86469	1.86891	0.204614	2.15557	2.86251	2.5302	2.19818	1.67233	2.09624	1.69409	2.11065	2.58025	0.550265	1.71962	0.594403	0.223406	0.345361	1.57102	1.05286	2.05532	1.94833	1.0815	0.113911	0.13755	0	0.410787	0	0	0	0	1
0.578642	2.74872	0.0428182	1.86785	2.15436	2.88034	0.35829	0.30536	2.94959	2.7779	2.55357	2.58263	0.0130126	0	2.11653	0.0999855	0.251324	2.32166	0.428762	2.29754	1.9974	1.8637	2.29241	1.74475	2.05887	2.69149	0.183706	1.80296	1.27254	0.101831	0.325132	1.534	1.46342	0.120426	2.04352	0.992724	0.262433	0.13117	0.543121	0.0440047	0	0.101462	0	0.455406	1
0.862053	1.91573	0.129033	2.46164	1.94854	2.87226	0.100909	0.343594	2.71268	2.74253	2.50104	2.46043	0.0428182	0	2.14805	0.230832	0.268754	2.55095	0.465083	2.4089	1.89749	1.70851	2.40644	1.65016	2.10459	2.52176	0.214627	1.72617	0.604114	0.0973945	0.45223	1.13903	0.943785	0.030259	2.09693	0.307788	0.443099	0.0721778	0	0.0420264	0.191176	0	0.0744675	0	1
0.858274	0.448686	0.0191398	1.96242	2.27418	2.72246	0.0292542	0.243933	2.3919	2.68135	2.765	2.48568	0.0258288	0	2.1169	0.0175102	0.142829	2.12538	0	2.49826	1.47978	1.67973	2.27524	1.68912	2.17903	2.56075	0.126174	1.71476	1.23074	0.648507	0.629985	0.970739	1.30164	0	1.85705	0.120426	0.285512	0.0205631	0.333729	0.0292542	0	0	0	0	1
1.5393	1.55612	0.708768	1.55619	2.08307	2.54588	1.06442	0.698351	2.67121	2.54451	2.21195	2.29316	0.0773207	0.0234025	1.84891	1.01643	0.08601	2.12438	0.553554	2.38739	2.14523	1.5741	1.5697	1.80015	1.6643	2.68799	0.238968	1.93132	0.278289	0.571178	0.383251	0.827072	0.727457	1.03918	1.29586	0.568773	0.111181	0.310351	0.376761	0.0505002	0.0826206	0	0	0	1
1.95028	1.42243	0.0254249	1.75449	2.21641	2.65377	0.297453	0.689631	2.38595	2.69061	2.26549	2.43892	0	0.0268377	1.80739	2.82431	0.128319	2.16354	2.31357	2.26464	2.01375	1.46756	1.46389	1.36091	1.88728	2.79008	0.361755	2.05033	0.610293	0	0.358424	0.966575	0.66366	0.156397	1.29583	0.289172	0.362419	0.0274425	0	0.0390502	0	0	0	0	1
1.43175	2.1583	0.10017	1.74845	2.09053	2.86194	0.377022	0.541246	2.74549	2.76841	2.68098	2.50766	0.118621	0.0436094	2.10401	2.09257	0.106794	2.19688	2.32144	2.45189	2.07271	1.7529	1.70504	1.30572	1.98861	2.4476	0.357355	1.80537	1.01759	0.465431	0.437469	1.43899	1.18208	1.23331	2.00951	0.430948	0.44833	0.0731326	0.359491	0	0.102568	0	0.0754196	0.253008	1
0.834574	1.99851	0.0923748	2.12422	2.00738	2.70043	0.0366617	0.200868	2.94317	2.62464	2.21542	2.30325	0.315168	0.0252229	1.96588	2.20884	0.363348	2.17152	1.09019	2.46099	2.23021	1.78426	1.89835	1.51618	2.21694	2.49774	0.286685	1.65953	0.512622	0.515438	0.36109	1.99607	1.37678	0	2.12004	0.637672	0.156224	0.467165	0.401131	0.036861	0	0.0579182	0	0.395938	1
1.06698	2.39887	0.0332663	2.28465	2.22707	2.88768	0.186204	1.47394	2.81513	2.70834	2.34673	2.42871	0.0588893	0.171607	2.08019	0.847598	0.417609	2.25888	0	2.49639	2.127	1.57706	2.25075	1.56342	2.33298	2.37169	0.512079	1.88695	0.333039	0.888585	0.977148	1.53437	1.04083	0.0487336	2.03092	0	0.0761805	0.626294	0	0.0670031	0	0	0	0	1
2.23591	0.988125	0.849654	1.4484	1.64324	2.65058	1.3893	1.59688	2.47501	2.44995	2.16544	2.18842	0	0.087512	1.88575	0.311629	0.0567513	2.04027	0.034666	2.48891	2.09093	2.21115	1.9287	1.62076	2.12328	2.42692	0.6802	1.81042	0.463576	0.476804	1.1923	1.73493	1.0875	0.0918151	1.89501	0	0.141776	0.0234025	0	0.0650784	0	0	0	0	2
1.55649	1.96027	0	1.78474	1.94275	2.71431	0.284338	0.14037	2.74272	2.80468	2.51126	2.3406	0.00787269	0	1.74378	0.39352	0.110634	2.24936	0	2.35479	1.99508	1.07309	1.98743	1.51672	2.00993	2.60929	0.328193	1.94576	0.354005	0.176165	0.20315	1.47267	0.613504	0.0382548	1.25505	0.0571404	0.0600533	0.0463725	0.169233	0.126174	0.0654637	0	0	0	1
1.94055	1.56007	0.568572	1.43928	1.70888	2.75879	0.989185	1.11512	2.74087	2.4793	2.12932	2.14994	0	0.164123	1.7893	1.84047	0.12814	2.14503	0.336482	2.46118	1.98062	1.5507	1.88192	1.4916	2.20547	2.39621	0.857751	1.82258	0.606212	0.470277	0.397969	1.49915	1.10353	1.36442	1.95662	0.794793	0.258494	0.672543	0	0.14598	0	0	0	0.298752	1
1.35949	2.55868	0.0744675	2.24982	2.00759	2.80122	0.0761805	0.127783	2.55922	2.6471	2.43538	2.44531	0.0563619	0	2.1105	1.22517	0.482596	2.13753	0.0795962	2.40859	2.10712	1.58363	2.12789	1.65177	2.33919	2.34538	0.236317	1.82696	0.399488	0.781024	0.724338	1.74496	1.1473	0.156569	2.05974	0.28961	0	0.220065	0	0.0390502	0	0	0	0	1
2.29914	0.799463	0.593143	1.2841	1.60391	2.5867	1.14438	1.65151	2.34415	2.41871	2.16053	2.27706	0.0099324	0.109538	1.75331	0.228311	0	2.11222	0	2.37137	1.92722	1.49109	1.39743	1.43716	1.99068	2.52651	0.074658	1.86484	0.341276	0.277252	0.353333	1.19554	0.613881	0	1.36488	0.356418	0	0.31545	0.20802	0.0336665	0.155879	0	0.115725	0	2
1.30194	2.41251	0.0378568	2.10355	1.95367	2.53289	1.95873	1.23574	2.52973	2.44433	2.22831	2.27907	0.0304598	0.0778901	2.06676	0.116631	0.387761	2.15317	0.0536315	2.46286	2.17637	1.73832	2.25803	1.39357	2.21499	2.38707	0.633289	2.01448	0.549543	0.269653	0.293541	1.45743	1.38561	0.107344	2.16737	0.662871	0.164635	0.756119	0	0.359891	0	0.041432	0	0	1
1.59212	2.13941	0.0933066	1.74037	1.90775	2.69494	0.510665	0.802248	2.6889	2.77061	2.46057	2.30285	0.13117	0.0103437	1.96794	0.686163	0.34983	2.04957	0.633198	2.45697	1.91918	1.75813	2.22115	1.56603	2.21941	2.54234	0.462763	1.75826	0.442502	0.440229	0.145631	1.34023	1.30624	0.777111	1.80018	0.482596	0.0983208	0.300337	0.098691	0.0298572	0.0727508	0	0	0	1
1.51936	2.35522	0.387761	2.13045	2.05719	2.85871	0.63118	0.82762	2.58223	2.48851	2.3343	2.43101	0.0179179	0.0616027	1.94415	1.58515	0	2.31665	0.297453	2.47984	2.2542	1.69926	1.77946	1.26555	2.17004	2.4868	0.674875	1.92924	0.756654	0.667332	0.45046	2.13702	1.33302	0.124561	2.03701	0.681653	0.131526	0.276065	0.191176	0.21831	0	0.0483406	0	0	1
1.44494	2.267	0.268904	2.24663	2.14417	2.86283	0.397208	0.546339	2.6896	2.60021	2.38767	2.373	0.0828093	0.0318642	1.87409	0.755584	0.0977652	2.2263	0.0829979	2.39409	2.17549	1.48938	1.81997	1.25036	2.17156	2.53944	0.294267	2.01196	0.469126	0.583476	0.960665	1.72922	0.956879	0.112092	1.67614	0.300481	0.193651	0.0408372	0.70926	0.0577238	0.16207	0	0.31841	0	1
1.52273	1.8255	0.0491265	1.46911	1.89505	2.72644	0.616888	0.757112	2.71261	2.69623	2.31177	2.30281	0.155189	0.0761805	1.8193	2.16046	0.0650784	1.9981	0.861273	2.38984	2.06412	1.56792	1.76933	1.71558	2.49129	2.58368	0.354676	1.99893	0.514573	0.426691	0.409914	1.44438	1.22004	0.320236	1.75122	0.283308	0	0.0528498	0	0.109356	0	0	0	0	1
1.65891	1.95785	0.20201	1.78887	1.75203	2.57705	0.206238	0.434336	2.68238	2.49453	2.33092	2.59354	0.0763707	0.10054	1.83294	0.700763	0.353468	1.97233	0.767863	2.22262	2.18987	0.965365	1.75746	1.22163	1.83689	2.45517	0.356017	2.04614	0.083375	0.99598	0.773323	1.27332	0.742293	0	1.25415	0.492817	0	0.150163	0.94918	0.0382548	0	0	0.130814	0.408541	1
1.38922	1.78117	0.533379	2.21364	2.06096	2.97122	0.181033	0.53769	2.69218	2.86817	2.49339	2.48511	0.0571404	0.0338665	1.86505	0.0436094	0.323457	2.36237	0	2.41435	2.06171	1.52399	2.13616	1.5893	1.77419	2.60429	0	1.81306	0.422532	0.453879	0.331105	1.33792	1.01759	0.0698819	1.47093	0.688449	0.0559724	0	0	0	0	0	0	0.287125	1
2.34148	0.597205	0.82714	1.68836	1.73828	2.62956	1.49788	1.65683	2.22552	2.36927	2.1464	2.18421	0	0.383509	1.79571	0.326942	0.0306606	2.0852	0	2.51254	2.06218	1.7299	1.87836	1.76036	2.02512	2.46341	0.824597	1.89075	0.340593	0.497929	0.8341	1.5072	1.2127	0.0499117	1.7817	0.461833	0.149641	0.116993	0	0.162412	0	0.107344	0	0.381439	2
1.07129	2.2245	0.0103437	1.85952	2.10312	2.9055	0.198579	1.04933	2.48934	2.66861	2.45395	2.39591	0	0	2.01126	0.162926	0.0797856	2.26177	0.0166942	2.38214	1.88744	1.38095	1.67831	1.90536	2.41236	2.63322	0.103305	1.96944	0.471312	0.316297	0.205102	1.96033	1.09393	0.147726	1.86524	0.0670031	0.610388	0.0544126	0	0.0158775	0	0.0252229	0.0561672	0	1
1.45569	2.20421	0.0362629	2.27534	1.91844	3.00531	0.106611	0.234284	3.04692	2.6708	2.46981	2.48704	0.0164901	0.0380558	1.97948	0.597976	0.460086	2.28614	0	2.61665	1.92779	1.5805	2.12648	1.05959	2.04043	2.499	0.2261	1.69515	0.425714	0.56515	0.334418	1.85605	1.17941	0.114637	1.97624	0.306361	0.120966	0.413771	0.321078	0.0814878	0.131526	0.0863858	0	0	1
2.39294	0.884271	1.37285	1.52114	1.736	2.6118	1.32324	1.77104	2.29968	2.39267	2.17611	2.20723	0	0.511536	1.83648	0.402644	0.0280468	2.05384	0	2.48708	2.12571	1.8927	1.89621	1.73144	2.07703	2.50455	0.665586	1.76619	0.492594	0.372185	0.87568	1.67796	1.22647	0.0890113	1.75143	1.01165	0	0.0660413	0.19956	0.121686	0.275471	0	0	0	2
0.760918	2.58532	0.0871368	2.62237	2.08979	3.14314	0.0232	1.04707	2.82154	2.78871	2.69419	2.62414	0	0	2.29685	0.128497	0.261223	2.69343	0	2.3117	2.02166	1.61865	2.33957	1.7075	1.78046	2.67419	0.761449	1.80247	0.576857	0.200214	0.349695	1.513	1.28505	0	2.04094	0	0.191507	0.150684	0	0	0.110269	0	0.0812988	0.270102	1
0.532006	1.28461	0.205264	1.4201	1.43141	2.78238	0.782201	0.483726	2.60807	2.58211	2.25953	2.23584	0.00477375	0.0113712	2.13992	0.586126	0.0284494	2.14666	0	2.32638	2.46872	1.329	1.81068	0.771309	2.35036	2.60462	0.258949	1.96421	0.788491	0.326247	0.576758	1.45496	1.32442	0.0465695	1.99659	0.863351	0	0.440109	0.10771	0.0164901	0.337031	0	0.0583068	0	1
1.03177	2.67862	0.183372	2.30664	2.1951	2.96192	1.24066	1.28309	2.72286	2.64496	2.45947	2.33279	0.0790279	0.156742	2.05752	0.731752	0.257278	2.42736	0.032265	2.3051	2.17129	1.48361	2.06229	1.68494	2.23203	2.56601	0.192002	1.99133	0.460202	0.73294	0.496377	1.18341	1.09406	0	1.9257	0.126889	0.133125	0.246867	0.841454	0	0.373496	0	0	0	1
1.48	2.18484	0.119885	1.85387	1.97837	2.6946	0.453173	0.432523	2.53578	2.61061	2.21169	2.23651	0.173636	0.0352652	2.02666	2.29545	0.220862	2.05472	1.99508	2.48675	2.01502	1.53106	1.85452	1.54833	2.11621	2.70919	0.340729	1.86377	0.555397	0.395175	0.314603	1.32943	1.29962	0.608018	1.79829	0.364674	0.0583068	0.197104	0	0.0998007	0	0	0	0.297886	1
1.43589	1.88709	0.232246	1.85988	1.74034	2.68029	1.7191	0.738929	2.7576	2.82849	2.41331	2.26866	0	0	2.06862	0.180363	0.0244143	2.00033	0.0292542	2.39668	2.16494	1.46527	2.18973	1.37423	2.28858	2.49434	0.511101	2.13885	0.649224	0.418226	0.484742	1.30684	1.17672	0.0398449	1.96865	0.305932	0	0.01975	0.176165	0.0551928	0.244552	0	0.0972092	0	1
1.29226	2.39857	0.0716044	2.00467	1.98245	2.89654	1.44884	0.762737	2.86776	2.60656	2.36905	2.62776	0.00560124	0.0384537	2.0349	1.65644	0.400626	2.20738	0.0581125	2.35324	1.84199	1.59277	2.25969	1.31427	2.29585	2.69143	0.350775	1.66476	0.996032	0.962273	0.42388	1.89544	1.21129	0.173636	2.03484	0.681824	0.194639	0.786158	0	0.12474	0	0.0873244	0	0	1
1.67268	2.33269	0.417362	1.99476	2.08721	2.86608	0.352122	0.320096	2.82022	2.60904	2.28247	2.43201	0	0.0164901	1.85422	0.778369	0.0616027	2.21811	0.0497155	2.4008	2.22911	1.62292	1.52944	0.888086	2.35277	2.47815	0.300913	2.01853	0.573276	0.110086	0.493486	2.44063	0.942985	0	1.57591	0	0.198251	0.0499117	0	0.0242121	0.0590834	0.0193432	0.123484	0	1
1.06521	1.69245	0.14598	1.24912	1.64553	2.75472	0.631914	0.434216	2.81537	2.58793	2.25343	2.18787	0.367582	0.0195467	1.83908	1.98307	0.275173	2.16547	2.56111	2.62682	1.98334	1.34066	1.53046	1.32268	2.22636	2.50867	0.641755	1.8031	0.307503	0.0666185	0.600188	1.76083	0.864064	1.97231	1.75525	0.169572	0	0.0586952	0.0940514	0.0693069	0.133303	0	0	0	1
1.12058	2.28172	0.119163	2.12415	2.11541	2.87736	0.0258288	1.31657	2.65207	2.71747	2.54412	2.54642	0.114637	0	1.92791	0.348479	0.318269	2.25163	0.0270393	2.41443	2.14086	1.56909	2.37301	1.67235	2.16582	2.54021	0.298608	1.96515	1.23335	0.651458	0.381957	1.42197	1.27496	0	1.86201	0.495933	0.339636	0.644824	0	0.0258288	0	0.0410355	0	0	1
1.36559	2.34856	0.0988761	1.81254	1.99458	3.02692	0.505532	0.295282	2.71359	2.73039	2.51674	2.46268	0.0499117	0.0392489	2.0196	0.726179	0.876252	2.35203	0	2.34365	2.14271	1.66733	2.01633	1.63458	2.17923	2.57104	0.124202	1.8331	0.918935	0.24285	0.4835	1.35842	1.00673	0.117898	1.93315	1.47822	0.0645001	0.333729	0	0.083752	0.251324	0	0	0	1
1.08172	2.38846	0.0119871	1.67475	2.10179	2.84365	0.411285	0.159324	2.8657	2.76939	2.38218	2.28564	0.0871368	0	1.84322	1.97723	0.160355	2.20566	0.995928	2.45864	2.32711	1.59592	1.87295	1.35715	2.12299	2.50942	0.797671	1.88886	0.612844	0.596916	0.549337	1.49992	1.26745	1.43217	2.16675	0.211411	0.0805425	0.120426	0.118621	0.0362629	0	0	0	0.391093	1
1.67909	2.14049	0.521468	1.50437	1.61023	2.75184	1.12274	0.555602	2.64967	2.41544	2.21732	2.27344	0.00725381	0.0336665	1.83107	0.985945	0.335519	2.05272	0	2.45556	2.16486	1.56644	1.77545	1.34704	2.17095	2.54143	0.683443	2.01115	0.681994	0.575964	1.79366	2.00644	1.30484	1.5232	2.09313	0.876189	0.202499	0.550471	0	0.256974	0	0	0	0.787107	1
1.5447	2.18039	0.0871368	2.03241	2.10215	2.98937	0.0890113	0.412529	2.64283	2.70479	2.51647	2.38888	0.0217811	0	2.11799	1.31781	0.514898	2.26776	0	2.31882	2.09856	1.71222	2.74733	1.55057	2.17954	2.69134	0.399741	1.73395	0.508267	0.516627	0.470047	1.18193	1.27717	0.254536	1.99287	0.149467	0.257126	0.134012	0	0.243469	0	0	0	0.222771	1
1.77958	1.7048	0.203313	1.91781	2.07887	2.87017	0.805448	0.648507	2.75011	2.69213	2.44007	2.32342	0.0244143	0.0191398	1.91906	1.48249	0.206238	2.34761	0.0146509	2.34845	2.00156	1.60682	1.94396	1.62282	2.04217	2.51848	0.22515	1.77945	0.644193	0	0.501796	1.60461	1.1058	0.165659	1.95111	0.739791	0.24979	0.170082	0.251017	0.118802	0.130992	0	0.0499117	0.17296	1
2.0752	1.81954	0.884459	1.73849	1.94259	2.83327	1.39817	1.20171	2.50939	2.51498	2.42007	2.23676	0.0171023	0.159668	1.93546	0.941098	0.323317	2.23599	0	2.42675	2.21772	1.80526	2.15324	1.56072	2.39524	2.54336	0.785134	1.98519	0.872748	0.485868	0.386603	1.87545	1.35743	0.633015	2.03376	1.03727	0.645274	0.289756	0	0.0575294	0	0	0.0689234	0	1
0.726179	0.467627	0.0442022	1.88693	2.2762	2.89073	0.0451894	0.428153	2.71596	2.75747	2.33506	2.44439	0	0.0614092	2.01871	0.403651	0.896634	2.29186	0	2.41302	1.73049	1.82343	1.77271	1.57753	2.18934	2.7685	1.10689	1.67365	0.855982	0.696599	1.39832	1.77885	1.29434	0	2.14933	0.559477	0.100355	0.383897	0.63118	0	0	0	0	0.467281	1
0.881819	2.59498	0.0499117	2.35037	2.1206	3.0196	0.163268	1.3017	2.63247	2.70977	2.50639	2.45969	0	0	1.804	0.433491	0.476006	2.14505	0.0232	2.23195	1.5801	1.45037	2.44186	1.53368	2.29451	2.60573	0.299041	1.71672	0.522004	1.43091	0.622956	2.02541	1.62675	0	2.10107	0.968935	0.263037	1.21443	0	0.0223895	0.199887	0.0693069	0	0	1
1.27743	2.17965	0.0370602	1.76118	1.95395	2.79376	1.04074	0.0646929	2.97753	2.82188	2.49254	2.3757	0.106611	0.0262325	1.91528	1.35655	0.125457	2.01886	0.58052	2.36417	2.16884	1.43372	2.50362	1.82119	2.15422	2.40844	0.295137	1.81389	0.5999	0.308216	0.687095	1.16512	0.802177	0.104959	1.85548	0	0.161213	0.0528498	0	0.0744675	0	0	0.13028	0	1
1.32734	2.27161	0.655638	2.12414	1.94056	2.89203	0.0111658	0.986531	2.43048	2.81009	2.56776	2.53459	0.0227949	0	2.27837	0.887837	0.359758	2.20959	0	2.47022	2.14013	1.66012	2.302	1.37383	2.06176	2.67468	0.840515	1.71835	0.734443	0.506846	0.962494	1.81922	1.07845	0.25025	1.92748	0.824597	0.40012	0.530949	0.142829	0.096096	0	0.0524586	0	0.260769	1
1.67428	2.22837	0.640215	2.3161	1.9475	2.94868	0.432644	1.34807	2.59104	2.62104	2.51474	2.43099	0.0138321	0.0160817	2.1625	0.596144	0.201684	2.32439	0.0246165	2.35326	1.99545	1.73273	2.09517	1.6439	2.17373	2.45747	0.383638	1.80618	0.594597	0.202499	0.833421	1.40244	1.31974	0.333591	1.97991	0.461251	0.193651	0.166171	0	0.191176	0	0	0	0	1
1.05709	2.42087	0.121146	2.28801	2.12273	2.97921	0.0501079	0.180195	2.80439	2.70853	2.51144	2.30993	0.0150599	0.0175102	2.07378	0.691317	0.250404	2.20617	0	2.37646	2.10951	1.65699	2.39654	1.64361	2.33226	2.61261	0.408915	2.01415	0.557542	0.767262	0.242075	1.72453	1.16586	0.0364623	2.0137	0.321358	0.444291	0.08601	0	0.0128076	0	0.0404404	0	0	1
1.08435	1.07594	0.0467665	2.20049	2.2433	2.99503	0.104224	1.58436	2.4633	2.68527	2.53289	2.50533	0.0725599	0	2.22705	1.03034	0.712531	2.30696	0.0378568	2.32275	1.8399	1.8369	2.15644	1.52739	2.43933	2.54039	0.0805425	1.68779	1.35822	0.161384	0.527661	1.50205	1.40458	0.0516758	1.896	0.271746	0.341412	1.69495	0.222771	0.67883	0.306075	0	0	0.391605	1
0.70391	2.95041	0.0376577	2.27444	2.104	2.8754	2.27169	0.725219	2.4754	2.50039	2.35055	2.38661	0.00580798	0.870829	2.07901	0.445362	0.429491	2.32394	0.0203599	2.40162	2.23681	1.79746	1.87984	1.52833	2.36118	2.40494	0.19907	1.99456	0.490471	0.580323	0.626202	1.02537	1.29301	0.0278454	2.10405	0.727696	0.359225	0.43807	0.125995	0.0386526	0.253008	0.0308613	0.0685397	0	1
1.2781	2.39145	0.0820544	1.88975	1.77326	2.77959	1.43032	0.465662	2.88563	2.49566	2.19513	2.1853	0.0284494	0.163781	1.93175	0.555295	0.0822432	2.19113	0.0977652	2.39124	2.11504	1.64706	2.09417	1.65767	2.22786	2.42776	0.639126	2.11413	0.563432	0.694341	0.441546	1.43723	1.30551	0.131882	2.1847	0.860231	0.139138	0.873642	0	0.254841	0	0.0996158	0	0.35829	1
1.1611	2.17532	0.0916285	2.10096	2.08485	2.98908	0.178015	1.15198	2.81288	2.65462	2.26286	2.36103	0.125636	0	1.95718	0.526064	0.0282481	2.17699	0.0664262	2.37953	1.57467	1.47779	2.19618	1.31188	2.31351	2.36184	0	1.90399	1.01809	0.552836	0.913748	1.5914	1.03928	0	1.96647	0.649939	0.494154	0.167703	0.363083	0.0940514	0.278586	0	0	0	1
1.34083	2.3772	0.0354649	1.65328	1.79193	2.84201	0.0538269	0.192167	2.78663	2.54201	2.37036	2.41815	0.0160817	0.0187327	1.76649	1.71619	0.948954	2.23006	0.368109	2.29608	1.89703	1.35539	2.232	1.64885	2.25205	2.522	0.35481	1.83279	0.990296	1.31254	0.916198	1.47262	1.08295	0.270401	1.93556	1.15234	0.0612156	0.73885	0	0.240057	0.128676	0	0	0	1
0.882197	2.57312	0.0846936	1.8607	1.96429	2.79404	0.0244143	0.633106	2.91863	2.72682	2.40496	2.44851	0	0.0168983	2.05112	0.272791	0.242385	2.30108	0.0505002	2.34493	2.0218	1.64649	2.08891	1.46494	2.23887	2.54375	0.155189	1.7192	0.559985	0.210443	0.546029	2.11389	1.58026	0	1.8394	0.764702	0.201357	0.709751	0	0.0246165	0.116088	0.0388514	0	0	1
1.54767	2.26454	0.0181216	1.75235	1.75767	2.69027	1.56034	0.98022	2.65481	2.51278	2.26052	2.39629	0.071222	0.0191398	1.98648	0.747734	0.270401	2.08104	0.0290531	2.42241	2.10051	1.69522	1.96901	1.66149	2.05521	2.45654	0.474635	1.86962	0.355213	0.331243	0.347667	1.52991	1.06451	0.113911	1.70636	0.215269	0.27294	0.43506	0.175323	0.106244	0.130814	0.0440047	0	0.315168	1
1.21686	2.37677	0.0146509	2.00867	1.87693	2.63184	0.331105	0.143706	2.48981	2.39024	2.12109	2.23533	0.0388514	0.0598594	2.04736	0.788637	0.238501	1.96796	1.48536	2.47361	2.224	1.72202	1.98207	1.94866	2.09502	2.53338	0.516843	1.93902	0.330828	0.589546	0.374542	1.19939	1.20552	0	1.82437	0	0.185372	0.0312626	0	0.0442022	0	0.133835	0	0	1
0.8859	1.65488	0.11844	2.4723	2.10907	3.16732	0	1.87514	2.34268	2.61165	2.61083	2.37919	0.0215783	0.0250208	2.06191	0.168553	0.662783	2.48853	0	2.31532	1.7366	1.482	2.54302	1.42468	2.22565	2.60191	0.446432	1.87276	0.317143	1.69245	1.16343	1.20501	1.37081	0	1.85594	2.29781	0.343185	0.830561	0.316156	0.0714132	0.0884494	0	0	0.220703	1
1.15061	2.4954	0.401131	2.15846	2.12984	2.92154	0.399488	0.750901	2.4642	2.60231	2.46704	2.46373	0.0320646	0.0152644	2.19022	0.655372	0.583279	2.36944	0.27651	2.43148	1.82526	1.51216	2.16925	1.68401	2.22897	2.47025	0.183205	1.99284	0.430098	0.871405	0.515979	1.95243	1.52974	0.674357	1.90842	0.716517	0.333039	0.195462	0.263037	0.1812	0.198742	0.132415	0	0.608683	1
1.27547	2.31394	0.119163	1.7359	2.03224	2.80437	0.707618	0.130992	2.49116	2.59816	2.35521	2.54816	0.0282481	0.180865	2.10288	0.380402	0.415878	2.12293	0.0336665	2.29191	1.95317	1.51441	2.13109	1.42492	2.17759	2.7737	0.448804	1.82443	1.40671	0.144581	0.407665	1.38177	0.879548	0	1.765	0.34441	0.256213	0.107893	0	0.972048	0	0.0508922	0	0	1
1.60826	2.2629	0.0794068	1.72799	2.00441	2.91281	0.0416301	0.0706479	2.77483	2.68876	2.58044	2.29051	0	0	1.77959	0.545095	0.506627	2.2997	0	2.23034	1.91491	1.3131	2.0902	1.33517	2.29406	2.58965	0.174986	1.96488	0.669508	0.657674	0.583279	1.50201	0.99577	0.114455	1.89981	0.423757	0	0.255451	0	0.255298	0	0	0	0	1
1.30523	2.35526	0.0292542	1.93478	2.01717	2.82537	0.0588893	0.374934	2.86162	2.62702	2.44974	2.38147	0.0350655	0.18637	1.91822	0.446551	0.737043	2.0991	0.0312626	2.21761	1.90991	1.53997	2.08204	1.86573	2.32554	2.64803	0.240523	1.90399	2.342	0.135429	0.21575	1.47461	1.35342	0	1.94111	0.230517	0.383509	0.385831	0	2.15251	0	0.0475539	0	0	1
1.36629	2.12282	0.0288519	1.4584	1.93303	2.87959	0.243005	0.183539	2.26997	2.73284	2.51035	2.39832	0.0033237	0.0152644	1.8774	2.29007	0.0931204	2.17147	1.80653	2.32634	1.56478	1.5312	2.15574	0.915064	2.06585	2.70032	0.75244	1.66641	0.873578	0.0526542	0.475321	1.08272	1.25927	0	2.05097	1.03133	0.0742769	0.0612156	0.370216	0.116269	0	0	0.0400434	0.140898	1
1.53934	2.11317	1.67022	1.98982	2.33503	2.87574	0.442143	0.246713	2.70436	2.75907	2.5428	2.52705	0.0148554	0	2.19968	0.677371	0.355615	2.26688	1.42953	2.27635	2.08721	1.71875	2.22923	1.58501	2.30167	2.65265	0.472918	1.88614	0.719511	0.114819	0.277549	1.85399	1.26666	0.19579	1.93042	0	0.0565566	0.085258	0	0.0497155	0	0	0	0	1
1.38935	1.986	0.0843171	1.93775	1.88532	2.69147	0.126174	0.372448	2.6641	2.59995	2.28247	2.40408	0.00663447	0.0600533	1.9334	1.36618	0.560392	2.08545	0.312621	2.39269	2.17348	1.54765	1.96257	1.68009	2.24845	2.59149	0.569676	1.89363	0.682677	0.590617	0.939089	1.4302	1.06175	0.320937	1.69748	0.722652	0	0.584458	0	0.0443998	0	0.0356644	0.0786488	0.262433	1
0.78645	2.19286	0.679858	2.30103	1.54182	2.84852	0	0.235067	2.88384	2.80026	2.30146	2.49234	0.0246165	0	1.53497	0.306361	0.27294	2.31038	0	2.07348	1.98521	1.44238	1.77708	1.85353	2.29342	2.91859	1.06311	1.75468	0.972211	0.742137	0.22118	2.28083	1.05817	0	1.98455	0.217351	0.320797	0.780877	0.177006	0	0	0	0	0	1
1.66928	1.79935	0.189688	1.83352	1.83072	2.74518	0.577353	0.714893	2.69612	2.70644	2.4775	2.29234	0.0330661	0.0510882	2.1034	1.93859	0.371004	2.15396	2.28718	2.41729	2.11178	1.6063	2.05101	1.58336	2.14853	2.62935	0.505861	1.94058	0.575964	0.423635	1.49954	1.45548	1.11816	0.97785	1.97511	0.152593	0	0.148249	0	0.173636	0.316297	0	0	0	1
2.05704	0.814394	0.398855	1.91716	2.19694	2.81737	0.771085	1.12686	2.47462	2.58739	2.3855	2.34094	0.0284494	0.125278	2.10573	0.277993	0.202499	2.22874	0.0336665	2.39693	2.06246	1.81323	2.11725	1.77631	2.06584	2.53657	0.757494	1.95302	0.948954	0.374673	0.736099	1.45587	1.47188	0.0461754	2.01522	1.19476	0.0721778	0.4229	0.201031	0.122586	0	0	0	0.356954	1
0.946517	2.2243	0.196283	1.85652	1.89731	2.70135	2.08308	1.82337	2.74831	2.58229	2.37337	2.35175	0.0336665	0.105327	1.96712	1.61077	0.198906	2.10659	1.3645	2.36759	2.30913	1.43039	2.19879	1.17772	2.25761	2.4971	0.868003	2.00646	0.98982	0.653595	0.588375	2.03996	1.32503	0.0330661	2.05552	0.396192	0.101093	0.597302	0.148074	0.0891985	0	0	0	0	1
1.55957	1.14637	0.347802	1.87433	1.92805	2.78022	1.17275	1.43881	2.61207	2.46995	2.17543	2.47653	0	0	1.71413	2.17382	0.0109604	2.10215	0.176838	2.30726	2.09548	1.19136	0.953295	0.895094	2.10261	2.54165	0.107527	1.97054	0.619695	0.875362	0.602776	2.0998	0.649671	0.0693069	1.43308	0.275916	0.0820544	0.0512841	0.0824319	0.0248187	0.170082	0.01975	0.0443998	0	1
2.36574	1.28672	0.713591	1.38459	1.58138	2.67384	1.30023	1.48775	2.41207	2.52261	2.19643	2.18843	0	0.378064	1.76172	0.25163	0.0962817	2.13636	0	2.41248	1.94035	1.72385	1.82586	1.53284	2.18055	2.49695	0.231932	1.82799	0.203313	0.428153	0.729608	1.70983	0.967015	0.0410355	1.71355	0.654839	0.124382	0.68438	0.181033	0.0567513	0.521254	0	0	0	2
2.26374	0.872876	1.19539	1.41771	1.63814	2.6289	1.52297	1.51417	2.46982	2.22711	2.11394	2.21106	0	0.642659	1.89968	0.269802	0.309924	2.14367	0.0223895	2.49991	2.07849	1.86701	1.89214	1.76166	2.08867	2.46673	0.811308	1.85021	0.655372	0.185705	0.580816	1.73511	1.44805	0.0304598	2.05113	1.01935	0.177511	0.564241	0	0.465083	0.101831	0	0	0	1
0.577849	2.08546	0.136314	1.83177	1.81371	2.78916	1.52411	0.0384537	2.80352	2.57541	2.21934	2.26667	0	0.0790279	1.84289	0.88871	0.145106	2.16748	0.0463725	2.34237	2.21704	1.10073	1.5719	1.18926	2.17081	2.28277	0.0979504	1.9602	0.447145	0.715543	0.367977	1.59981	1.01216	0.0215783	1.79133	0.0635354	0.264997	0.214627	0	0.12671	0.312338	0.0471603	0	0	1
1.35836	2.32176	0.134544	1.99217	1.95287	2.73535	0.327082	1.48732	2.57113	2.72157	2.43998	2.38881	0.00456675	0.031062	1.9778	1.06053	0.191507	2.12343	0.448212	2.40142	2.07671	1.39811	2.0738	1.71081	2.23707	2.45426	0.386603	1.91798	0.453643	0.563635	0.389172	1.76212	1.15065	0.769963	1.87671	0.781172	0.130814	0.209798	0.190019	0.102016	0.142127	0	0.0542174	0	1
1.65321	2.15618	0.0260307	2.22061	1.96151	2.82007	0	0.129924	2.37858	2.56196	2.26461	2.50254	0.00601468	0	1.98082	0.407165	0.174986	2.2574	0.041432	2.35805	1.66899	1.24604	1.93837	1.44131	1.98419	2.7261	0.273983	1.88674	0.519965	0.17566	0.240212	1.61839	0.729926	0	1.43594	0.294267	0.205102	0.0944235	0	0.148945	0	0	0	0	1
1.32524	2.58361	0.246713	2.50597	1.99838	3.04405	0.386989	0.447026	2.72254	2.77009	2.70619	2.43778	0.0430161	0	1.85916	1.47848	0.321778	2.15778	0.466588	2.27653	2.02248	1.18855	2.3004	1.92601	2.22809	2.53928	0.471312	2.05233	0.853617	0.517274	0.337031	1.87163	1.11824	0.731594	1.9315	0.169063	0.253008	0.151726	0.136844	0	0.101462	0.0338665	0	0.250557	1
1.57191	1.96674	0.0250208	1.6515	1.9534	2.74427	0	0.163097	2.59648	2.64009	2.34516	2.25461	0.818786	0	2.12164	2.53835	0.41662	2.21991	2.72298	2.61771	2.13982	1.71656	2.02531	1.3919	2.18617	2.61024	0.84866	1.82844	0.618573	0.116631	0.187201	1.12695	1.36856	1.25638	1.98302	0.360424	0.254383	0.102937	0.162755	0.206886	0	0	0	0	1
2.06684	2.50197	0.0402419	2.16636	1.95537	2.81484	0	0.440589	2.42787	2.75672	2.37824	2.39611	1.02582	0	1.97862	1.2233	0.532112	2.08098	0.103857	2.48903	1.95323	1.50448	2.06624	1.86075	2.43624	2.51819	0.316579	1.92186	0.478626	0.330412	0.248407	1.90099	1.14993	0	1.75698	0.567969	0.133835	0.123843	0	0.154324	0	0	0.0733234	0.246559	1
1.00016	2.50927	0.252549	1.83077	1.59556	2.7624	0	0.138785	3.04321	2.69511	2.45866	2.23269	0.0300581	0.023605	1.80291	1.15741	0.487218	2.1083	2.17622	2.36148	2.05037	1.26966	2.19534	1.45525	2.11112	2.31155	0.513164	1.81242	0.43119	0.837821	0.242385	1.64791	1.22534	0.581014	1.88781	0.88715	0.425714	0.25163	0.211733	0.0342663	0	0	0	0	1
1.23698	2.60972	0.0738956	2.14726	2.24151	2.8572	0.0623763	1.30047	2.77424	2.62039	2.26838	2.45338	0.0666185	0.0146509	1.97982	1.29477	0.470967	2.25017	0.0221868	2.3919	2.08603	1.53971	2.35637	1.36974	2.38235	2.45739	0.288295	1.85891	0.633839	0.705643	0.213664	1.53189	1.14888	0.0598594	1.89934	0.169233	0.322758	0.0863858	0	0.0625696	0.101647	0	0.0748484	0.251017	1
1.34304	2.48167	0.0756099	1.90202	1.86336	2.75304	0.0773207	0.22404	2.84452	2.66647	2.31949	2.26818	0.220862	0.181869	2.15395	0.85971	0.0457811	2.02233	2.15939	2.38747	1.99149	1.63046	1.95696	1.47736	2.29339	2.49574	0.305932	1.89527	0.716192	0.120786	0.702007	1.22358	1.03507	1.60839	1.89669	0.207048	0.115363	0.0370602	0	0.382475	0	0	0	0	1
1.14296	2.54528	0.114455	2.12707	1.73833	2.85659	0.333177	0.9752	2.67945	2.7269	2.48566	2.34024	0	0	2.21844	1.189	0.33758	2.21234	0	2.37136	1.97786	1.50097	2.30498	1.51351	2.29718	2.64184	0.206724	1.72825	0.315733	0.973245	0.353468	1.73776	0.923431	0	1.80208	0.137021	0.265901	0.247637	0	0.0660413	0	0.0530453	0	0	1
1.51007	2.15842	0	1.14511	2.05481	2.88582	0	0.0675797	2.658	2.88884	2.18162	2.45012	0.00477375	0.0111658	1.86138	1.94014	0.0938653	2.0807	0.0168983	2.41332	1.84724	1.49707	1.46649	0.915183	2.28206	2.6338	0.425103	1.86393	0.414392	0.143706	0.421304	1.94232	1.13366	0.130102	2.08481	0.702255	0.0364623	0.0765608	0.10551	0.25163	0	0	0.0571404	0	1
1.36616	1.5487	0.225625	1.82642	1.97597	2.85081	1.89925	0.958719	2.67495	2.50975	2.33372	2.37315	0.0121923	0	1.93323	0.621188	0.236629	2.28935	0.0215783	2.39643	1.91389	1.50374	2.23063	1.64591	2.22159	2.54921	0.377022	1.85219	0.652527	0.692746	0.674443	1.56116	1.03723	0.0296562	2.01319	0.564948	0.0908816	0.522754	0	0.187533	0	0	0	0	1
1.0577	2.26003	0.0828093	1.91197	2.10333	2.76165	0	0.173636	2.64724	2.59656	2.24359	2.33213	0.165147	0	1.99602	0.930115	0	2.06711	0	2.43514	1.86102	1.57649	1.67742	1.40219	2.21095	2.25081	0.395938	2.1071	0.359358	0.583082	0.435181	1.81199	1.11251	0.271298	1.87954	0.633839	0.260617	0.0890113	0	0.0436094	0	0	0	0	1
0.802533	2.66295	0.0103437	1.97159	1.94454	2.82819	0.0314632	0.0794068	2.76355	2.76217	2.26704	2.41351	0.628234	0.0215783	1.8327	0.419951	0.104959	2.18737	0.0645001	2.2413	1.83143	1.47636	1.94659	1.37431	2.12076	2.62821	0.135075	1.94106	0.542497	0.141601	0.163952	1.83225	1.53151	0.0449921	1.84234	0.240523	0.0704565	0.105694	0.48508	0.0619896	0	0	0	0	1
1.18817	2.48514	0.524571	2.19	1.9216	2.78363	0.514898	1.94098	2.39941	2.54068	2.31312	2.1869	0.153805	0.768164	1.87055	0.516735	0.288588	2.27859	0.036861	2.41587	2.0758	1.73653	1.89029	1.44817	2.24069	2.53632	0.2774	1.82841	0.406413	0.733811	1.07763	1.23248	1.28534	0.569876	1.98648	1.02776	0.150684	1.46928	0	0.371529	0.299617	0	0	0	1
1.20778	2.42585	0.295427	1.65088	1.68032	2.7817	0.857162	0.447619	2.92399	2.48226	2.19495	2.21435	0.718137	0.0835635	1.83251	1.93635	0.29136	2.04384	2.52362	2.42591	2.05015	1.62169	1.79984	1.62547	2.2056	2.44067	0.482596	1.83478	0.47669	0.31672	0.88715	1.49509	1.14706	1.64733	2.01072	0.538947	0.035864	0.234127	0.104041	0.119704	0.147028	0.0252229	0	0	1
0.853748	2.64533	0.0201566	1.68025	1.95101	2.87367	0.116631	0.101831	2.74605	2.75588	2.54226	2.49475	0.0445972	0	1.66707	2.44053	0.0528498	2.21426	1.75464	2.04973	1.97367	1.28182	1.41572	1.17132	2.22398	2.71531	0.191011	1.84556	0.692158	0.730324	0.672543	1.01658	0.862183	0.234127	1.74696	0	0.24625	0.103305	0	0.0606346	0.143706	0	0	0	1
0.731118	2.55487	0.164977	2.31583	2.04277	3.12803	0	0.777111	2.76763	2.88877	2.6994	2.19241	0.530419	0	1.82885	0.268454	0.0959104	2.25307	0.070265	2.33972	1.39961	1.54112	2.18225	0.897003	2.16873	2.28361	0.231146	1.8273	0.207858	0.35829	0.962992	1.56727	0.891445	0	2.10707	0.394666	0.0518716	0.163268	0	0	0	0.0364623	0	0	1
1.07433	2.64842	0.559884	2.18118	2.07726	2.963	0.119704	0.853156	2.83935	2.70275	2.22974	2.31164	0.127783	0	1.95493	1.51598	0.448093	2.35827	0.043807	2.18051	1.74338	1.40186	2.12343	1.61651	2.25616	2.53942	0.547168	1.85829	0.631455	0.334694	0.157259	1.61133	1.37784	0.115181	1.94327	0.767713	0.092934	1.21708	0	0	0.191176	0	0	0	1
0.489575	2.76941	0.0193432	1.97328	1.97215	2.83111	0	0.0666185	2.87854	2.74133	2.35432	2.38958	0.0232	0.0658488	1.71628	0.601914	0.129033	2.31695	0.117174	2.25368	1.88525	1.26122	1.84987	0.671157	2.23105	2.51603	0.471771	1.8248	0.878915	0.247945	0.534327	1.82779	1.16863	0	2.12269	0.701675	0.0869491	0.27294	0.127962	0.16361	0.179693	0	0	0	1
2.37357	0.96371	0.587887	1.37159	1.5632	2.71262	1.06029	1.09215	2.43692	2.66238	2.28599	2.17494	0	0.0861979	1.67452	0.300337	0.0284494	2.09101	0	2.44296	1.90907	1.53955	1.88347	1.54685	2.1877	2.38164	0.494265	1.9625	0.326247	0.325132	0.211411	1.53917	0.946176	0	1.89749	0.435904	0.0727508	0.299329	0.107344	0.123484	0	0	0	0.199397	2
1.74986	1.69279	0.309355	1.82373	2.1027	2.55624	0	0.422777	2.26139	2.74272	2.345	2.15644	0.137903	0.0565566	2.3067	1.26998	0.779477	2.24205	0.658823	2.44243	2.3121	2.1707	2.77343	2.05231	1.99068	2.5489	0.91267	1.54747	0.264696	0.740809	0.743307	1.27643	1.80431	0.457632	2.03893	1.11726	0.251171	1.15454	0.443576	0.119524	2.01879	0	0	0.43795	1
1.66223	2.25244	0.296585	1.77825	1.82303	2.80479	1.87751	0.993197	2.61451	2.47224	2.14083	2.23084	0.01975	0.380402	1.73996	0.468435	0.324574	2.24963	0	2.27965	2.21427	1.57036	1.88469	1.79424	2.2683	2.5729	0.186204	2.03613	1.08858	0.77228	0.365468	1.48711	1.13808	0.0633423	1.90072	0.725139	0.227364	0.616137	0.144581	0.127247	0	0	0	0.263641	1
1.40873	2.36275	0.370084	1.91729	2.04983	2.8058	0	0.371267	2.72338	2.5877	2.23711	2.35337	0	0	2.02975	1.16949	0.128676	2.18773	0.0326657	2.39239	2.34622	1.14714	1.94999	1.1232	2.25902	2.4578	0.624349	1.96074	0.540828	0.365733	0.399362	1.72293	1.21579	0	2.0174	0.128497	0.0700735	0.266201	0.195626	0.0314632	0	0.0495192	0	0	1
1.7247	2.27602	0.0826206	1.81628	1.68769	2.74822	1.62721	0.512405	2.70491	2.45111	2.2464	2.21714	0.0154688	0.519858	1.87921	0.657763	0.353468	2.07659	0	2.36923	2.02599	1.47514	1.80543	1.64099	2.26822	2.41395	0.580915	1.92011	0.809196	0.602106	0.101278	1.59995	1.13188	0	2.0971	0.837146	0.0590834	0.346447	0.166682	0.64293	0.231932	0.0416301	0	0.300625	1
1.6644	2.12099	0.399109	1.83873	2.32095	2.83837	0.513598	0.588765	2.87181	2.62292	2.42643	2.4582	0.110269	0.0193432	2.03708	1.6412	0.0719867	2.18598	0.415259	2.43928	2.2388	1.74649	1.86558	1.34625	2.07301	2.38021	0.640578	1.81022	0.681568	0.499699	0.655638	1.82487	1.16449	0.0790279	1.94709	0.218629	0.122226	0.0771308	0.446789	0.0822432	0	0	0	0	1
1.54178	2.45408	0.28375	1.9002	1.70245	2.85681	1.13577	0.980704	2.74475	2.54684	2.39029	2.37126	0.0390502	0.432886	1.90229	0.517166	0.173636	2.23352	0	2.38032	2.05863	1.28807	1.94693	1.56918	2.22336	2.59885	0.142829	2.03262	0.429248	0.603636	1.06986	1.57869	0.974061	0.233814	1.85537	0.445362	0.2064	0.023605	0.294122	0.0168983	0.0812988	0	0	0.204452	1
1.34729	2.207	0.0735142	2.10781	1.99583	2.87829	0.133125	0.235692	2.69058	2.73541	2.35278	2.3334	0	0.00890317	1.75632	0.605735	0.0763707	2.22184	1.58512	2.31861	1.87149	1.26865	1.35965	1.27528	2.22592	2.58564	0.0579182	1.87801	0.196283	0.818508	0.171607	1.62074	0.577552	0.372972	1.53518	0.155707	0.112274	0.0360635	0.300625	0	0.0633423	0.0207662	0	0	1
0.78718	2.69154	0.099431	2.38811	2.03651	2.9707	0	1.3563	2.38949	2.62504	2.52881	2.51622	0.0814878	0	2.10729	0.180363	0.785792	2.21785	0.0495192	2.46933	1.88818	1.60111	2.40113	1.23144	2.24245	2.63928	0.597784	1.45734	1.04331	1.09615	0.848461	1.54032	1.10449	0	1.98978	0.728255	0.280803	0.261677	0.357756	0	0.213985	0.0256269	0.207372	0.195626	1
0.58818	2.5794	0.0784592	2.11511	2.05545	2.96158	2.38902	0.660586	2.78201	2.76529	2.43656	2.4629	0.0708393	0.00952086	1.94352	1.03781	0.251171	2.43786	0.0146509	2.41218	1.95138	1.5684	1.76119	1.51427	2.16891	2.63891	0.722893	1.6315	0.492259	0.181367	0.163952	2.20489	1.45289	0.113183	1.94007	1.09668	0.19907	0.0571404	0.174311	0.0412337	0	0.0221868	0	0	1
1.48605	1.13738	0.0130126	1.27409	1.94375	2.78712	0	0.0338665	2.69498	2.70103	2.35638	2.34391	0.0344662	0	1.99014	1.43058	0.0342663	2.2491	0.0408372	2.4952	2.41582	1.29546	1.90196	1.4757	2.05347	2.25765	0.419705	1.88263	0.514573	0	0.120245	1.71581	1.04875	0.247483	1.90132	0	0.16583	0.027644	0.569475	0.0767508	0	0	0	0.416868	1
0.880621	1.91198	0.0191398	2.15272	2.00669	2.87283	0.111727	0.0975799	2.71458	2.83481	2.49011	2.4406	0.0725599	0.0528498	1.62845	1.17464	1.081	2.33711	0.0205631	2.22344	1.81548	1.3718	2.60003	1.5352	2.11722	2.43555	0.362021	1.99132	1.01384	0.628972	0.524251	1.54758	0.853419	0.0555827	1.90406	0.544888	0.0443998	1.10297	0.334556	0.225941	0.0942375	0	0	0	1
1.35877	1.99741	0.0878871	1.27576	1.66694	2.63455	0.636032	0.31841	2.6935	2.62724	2.08288	2.24932	0.15467	0.0221868	1.77059	1.84672	0.0189362	2.133	1.18821	2.49659	2.02559	1.31275	1.41111	1.30326	2.1438	2.47367	0.567668	1.91992	0.374019	0.144931	0.306504	1.63192	0.720076	2.11067	1.61373	0.132059	0.116993	0.0376577	0.0725599	0.0217811	0	0	0	0.446789	1
1.91734	1.8204	0.650654	1.64603	1.68473	2.66173	1.54508	1.48038	2.52873	2.34685	2.19804	2.2453	0	0.501355	1.81805	0.0854461	0.196119	2.18241	0.05148	2.35979	2.00188	1.5815	1.87928	1.60943	2.11628	2.45287	0.641031	1.80731	0.415631	0.781319	0.24625	1.45316	1.20745	0.0700735	1.89907	1.08118	0.10899	0.791324	0.159152	0.241454	0	0	0	0.288295	1
1.43855	2.1885	0.13649	1.98266	2.10435	2.74048	0.484065	0.443933	2.91391	2.85073	2.28039	2.38658	0.0115766	0.0134225	1.82799	0.781392	0.142303	2.18388	0.133657	2.33758	2.11667	1.51205	1.86518	1.37993	2.02296	2.42343	0.527873	2.03153	0.592464	0.209475	0.588473	1.93842	1.10558	0.0551928	1.85178	0.191507	0.125995	0.309213	0.0656563	0	0.0936791	0	0	0	1
1.31113	2.44199	0.0142416	1.75336	2.43245	2.88083	0.0641144	0.172791	2.4223	2.71356	2.68776	2.43051	0.0863858	0	2.17374	0.90531	0.15812	2.17609	0.0229975	2.34622	2.01757	1.69164	1.90497	0.90172	1.78888	2.34416	0.77213	1.71492	0.672456	0.27085	0.574969	1.57713	1.45223	0.0616027	1.73871	0.437349	0.295862	0.0455839	0	0	0	0	0	0	1
1.35957	2.46789	0.0805425	2.01809	1.88441	2.80294	1.03078	1.64862	2.58579	2.51171	2.23892	2.26594	0.00622133	0.148945	1.95353	0.3656	0.122586	2.15938	0.08601	2.40438	2.26449	1.74429	2.13222	1.52041	2.18355	2.3897	0.79573	2.15505	0.358958	0.747424	0.681909	1.1517	1.28741	0.143005	2.20841	0.310351	0.289756	0.503776	0	0.274727	0.102016	0	0	0.442741	1
1.15694	2.31216	0.452584	2.16429	2.15315	2.83556	0.10054	0.648418	2.56449	2.66212	2.48332	2.57151	0.255451	0.10771	1.95589	1.44271	0.307075	2.23285	1.66509	2.18719	2.06081	1.48122	1.96899	1.5812	2.11887	2.69102	0.360824	1.96492	0.805731	1.19565	0.498262	1.00539	0.71196	0.802747	1.74793	0.23036	0.214467	0.640759	0.267854	0.0871368	0	0	0	0	1
1.45375	2.48239	0.153459	2.07111	2.08685	2.9656	0.661905	0.555704	2.81878	2.73545	2.50257	2.25078	0.111727	0.0364623	2.1615	0.724899	0.431796	2.04787	0.0551928	2.30416	1.95087	1.31382	2.09966	1.30962	2.4539	2.62303	0.645274	1.8109	1.41555	0.72064	0.973409	1.7512	1.07758	0	2.12474	0.722572	0.0602471	0.518136	0	0.0268377	0	0	0	0	1
1.18002	0.588863	0.0132176	2.05286	2.2684	2.86705	0	0.0679638	2.15263	2.61968	2.29598	2.52658	0.00787269	0	2.22659	0.508595	0.389301	2.28503	0.0142416	2.35589	1.93376	1.99966	1.819	1.94372	2.22708	2.69024	0.389044	1.74106	1.27196	0.480444	0.420074	2.1031	1.26956	0	1.95474	0.0573349	0.14318	0.0282481	0	0.0530453	0.183205	0.0215783	0	0	1
0.876951	2.04737	0.193651	2.26789	2.08563	2.86879	0.0905078	0.233187	2.77996	2.7043	2.18363	2.31608	0.123484	0.0320646	1.93563	2.34471	0.62888	2.21718	1.01749	2.42878	2.04927	1.65837	2.19842	1.21979	2.14207	2.35011	0.615762	2.10427	1.19334	0.997654	0.934358	1.75239	1.36003	0.533906	1.98948	1.38321	0.0530453	0.4229	0.277993	0.132948	0	0.140722	0.0826206	0	1
1.34057	1.85176	0.707865	1.50751	1.67793	2.63113	0.551809	0.227048	2.86845	2.62973	2.16181	2.3371	0.0625696	0.0107549	1.90862	0.322058	0.127962	2.07853	1.05813	2.23998	2.10096	1.37044	1.84527	1.4444	2.15125	2.52882	0.193487	1.8432	0.828031	0.644193	0.471886	1.46076	0.631914	1.47109	1.34715	0.0664262	0.0696903	0.0328659	0.103121	0.0463725	0.0759904	0	0.108076	0	1
1.21518	2.23178	0.178015	2.08485	2.0886	2.84464	0.188694	0.521468	2.50479	2.76516	2.38585	2.28315	0	0.275025	1.86679	1.26911	0.212699	2.20445	0.771459	2.41118	2.33687	1.61305	1.92968	1.38893	2.1282	2.26885	0.0861979	2.17202	0.161899	0.434216	0.173129	1.32171	1.10192	0.187201	1.90265	0.814394	0.236005	0.559375	0.0867614	0.0132176	0.23036	0	0	0.163097	1
0.910146	2.59888	0.0639214	2.12697	2.21485	2.83853	0.313046	1.2367	2.84021	2.78657	2.38235	2.46842	0.0388514	0.00931501	2.01113	0.548924	0.27903	2.22799	0.0942375	2.27811	2.17688	1.71906	2.28416	1.47104	2.15436	2.54958	0.40754	1.90231	0.589351	0.121686	0.358691	1.59936	1.62572	0	2.09112	0.110816	0.142829	0.14037	0.0890113	0.0656563	0	0.0215783	0	0.167023	1
1.16613	2.532	0.0455839	2.08219	2.19866	2.95503	0.101278	0.767413	2.81628	2.89181	2.56318	2.37171	0.0103437	0	1.96176	1.12362	0.194475	2.33694	0.96729	2.28302	2.27266	1.43838	1.90134	1.50948	2.28894	2.31514	0.524144	1.90824	0.548615	0.401509	0.290194	1.01551	0.628603	1.73509	1.92709	0	0.0784592	0	0.217191	0	0	0	0	0	1
1.40214	1.92502	0.117355	1.37676	1.57086	2.66653	0.821629	0.44667	2.90493	2.53022	2.13952	2.17388	0.238968	0	1.84781	1.40855	0	2.09054	2.21694	2.47523	1.96272	1.48219	1.90489	1.39288	2.12736	2.28938	0.3848	1.78864	0.465315	0.744241	1.07327	1.4949	1.05267	1.46311	1.89136	0.168893	0.321918	0.257582	0	0.225308	0	0	0	0	1
0.982741	1.92438	0.374411	2.04433	2.20387	2.54476	1.37562	1.82747	2.63048	2.58311	2.19081	2.38395	0.0708393	0.223723	2.14723	0.554835	0.406225	1.91329	0.520449	2.40538	2.20738	1.86774	2.08119	1.94242	2.08763	2.63604	1.19011	1.86208	0.796701	0.565452	0.503556	1.66826	1.52659	0.240134	1.64798	0.459152	0.149032	0.338609	0.143881	0.0419273	0.43915	0.0136273	0.0498136	0	1
1.22812	2.19788	0.210121	2.00104	1.76744	2.7698	1.83323	0.420566	2.57865	2.55871	2.46362	2.45895	0.0418283	0	2.18673	1.26751	0.343321	2.1347	1.04132	2.50949	1.73636	1.63719	2.11352	1.67888	1.92788	2.56514	0.64976	1.72249	0.369821	0.207372	0.606021	1.64711	1.13569	0.0675797	2.09657	1.15045	0.198415	1.23349	0	1.03088	0	0	0	0	1
1.55516	2.45619	0.0332663	1.83756	1.90574	2.80702	0.423267	1.56968	2.79138	2.66156	2.33311	2.28884	0	0.0461754	2.07898	0.747424	0.360957	2.08998	0	2.3303	2.12032	1.47328	1.98751	1.48798	2.38598	2.5521	0.209313	1.77504	0.554681	0.716354	1.47192	1.49229	1.05595	0.938744	1.94018	0.451405	0.269054	0.113729	0	0.0340664	0.157948	0	0	0	1
0.981938	1.80365	0.339909	1.95746	2.23074	2.34001	0.744553	2.19765	2.18138	2.33511	2.15814	2.21621	0.395938	0.989979	2.38566	0.718864	1.34088	2.04481	0.433491	2.47955	2.38174	2.25081	2.40787	2.36361	1.86696	2.41784	1.9028	1.45937	0.560189	0.210443	1.14283	1.43735	1.99474	0.6167	2.01783	1.46545	0.362419	0.846067	1.1469	0.255603	2.19742	0	0.681909	1.13808	1
1.47396	2.31027	0.262886	1.63829	2.11189	2.6585	0.156914	1.27089	2.53311	2.74561	2.38296	2.33156	0.0569459	0.127604	1.93894	1.38145	0.0719867	2.17737	0	2.37424	2.27074	1.54915	1.92397	1.54762	2.17697	2.51157	0.228627	2.19582	0.381051	1.06475	0.43807	1.51812	1.27922	0.388531	1.98134	0.911769	0	0.301488	0	0.203964	0.347531	0	0.186536	0.320096	1
1.70134	2.1372	0.0217811	1.74317	1.88372	2.78572	0.414144	0.524678	2.64325	2.59147	2.38446	2.31472	0.0130126	0.030259	2.01431	0.812783	0.175997	2.17765	0.169912	2.37545	2.07524	1.61858	2.06415	1.6112	2.24457	2.56782	0.796521	1.93582	0.624256	0.533906	0.52681	1.49114	1.1974	0.0623763	2.13042	0.175828	0.334005	0.58052	0.369032	0.234441	0	0	0	0.260163	1
1.48654	2.14164	0.0758002	1.85715	1.62074	2.68984	0.329581	0.259101	2.75901	2.71167	2.2408	2.29239	0.00787269	0	1.81126	0.303928	0.130636	2.09843	0	2.4238	2.20242	1.55193	2.20847	1.76722	2.24247	2.59176	0.525531	1.96544	0.511427	0.717165	0.502897	1.64016	1.08894	0	1.92895	0	0.115544	0.0370602	0.168553	0.0777004	0.125636	0	0	0	1
1.41671	2.35113	0.354408	2.03192	2.10114	2.72613	0.872684	1.81269	2.52389	2.60902	2.27977	2.12767	0.0729417	0.111181	2.16983	0.355615	0.328471	2.18926	0.058501	2.46069	2.24103	1.76314	2.15273	1.37837	2.0021	2.56387	0.367318	1.85487	0.783816	0.240523	0.57487	1.04403	1.24692	0.0795962	1.87954	0.533062	0.23036	0.330551	0	0.0561672	0.349425	0.128676	0	0	1
0.868839	2.36789	0.0955389	2.08131	2.15833	2.77152	0.611334	0.284338	2.56378	2.61225	2.24221	2.35875	0.0117819	0.00910912	1.76131	1.36385	0.120426	2.18764	0.142829	2.29237	2.30134	1.50252	1.54445	0.974495	2.24709	2.53343	0.424002	2.00259	0.195626	0.512405	0.313754	1.7937	0.950423	0	1.46318	0.442621	0.263188	0.123484	0.241454	0	0.181869	0	0.414268	0	1
2.10944	0.936266	0.82714	1.57337	1.75178	2.71305	1.63164	1.3785	2.60886	2.42889	2.15419	2.26956	0	0.22118	1.75142	0.239123	0.062183	2.06175	0	2.38239	2.01166	1.76252	1.71906	1.59884	2.22366	2.41622	0.283603	1.94538	0.577254	0.20899	0.48101	1.65419	1.04832	0.0348658	1.91469	0.412529	0.106061	0.0824319	0	0.136844	0	0.0386526	0	0	2
0.704075	1.64826	0.00931501	1.58871	2.01233	2.83069	0.202662	0.048144	2.94889	2.79827	2.46344	2.36846	0.117355	0.0193432	1.9396	1.967	0.325968	2.15791	2.42825	2.53338	1.94554	1.66061	2.05513	1.47857	2.17178	2.54467	0.610577	1.70762	0.693838	0.568873	0.204127	1.79268	1.25638	1.21818	2.11058	0.308643	0.122046	0.147377	0	0.156914	0	0	0.0981356	0	1
1.64139	2.2362	0.0604409	1.85517	1.83286	2.6993	0.815163	0.971394	2.7599	2.59397	2.1636	2.52511	0.00931501	0.0428182	2.08126	0.747347	0.104959	2.08045	0	2.2831	2.11813	1.56302	1.92046	1.65503	2.20026	2.62599	0.251017	1.93858	0.703001	0.680884	0.475321	1.33675	0.957995	0.0449921	1.83873	0.798961	0.195462	0.163097	0.196447	0.147028	0.147028	0.0499117	0	0	1
1.55433	2.19066	0.19579	1.83501	1.78725	2.65543	0.474635	0.33854	2.75219	2.61018	2.53178	2.30866	0.0232	0.0324654	1.8334	0.60086	0.367582	2.07884	2.29394	2.4517	2.21871	1.37022	1.88187	1.65909	2.20007	2.58794	0.377413	1.756	0.313188	0.263942	0.164806	1.55264	1.03952	0.646713	1.78224	0.292524	0.0708393	0.0654637	0.104776	0.0318642	0.0771308	0.0254249	0.0565566	0	1
1.07507	2.2883	0.606973	1.72425	1.36751	2.63153	0.0606346	0.791251	2.85166	2.4542	2.10652	2.49132	0.0146509	0.0254249	1.89042	1.09619	0.122226	2.11759	0.348885	2.22954	1.93009	0.956712	1.59865	1.17295	2.02109	2.53266	0.107893	1.751	0.507939	1.25033	0.565956	1.89902	1.03654	0.11826	1.66873	0.510339	0.0557776	0.690896	0.0828093	0.0841288	0.353333	0.0199534	0	0.286392	1
1.27189	2.41086	0.190515	2.06161	1.86096	2.85513	0.609631	1.12565	2.93473	2.54544	2.29967	2.36451	0.133125	0.0767508	1.97321	0.622212	0.761373	2.11824	0.0242121	2.40239	1.99083	1.44872	2.35836	1.55593	2.07532	2.53553	0.557338	1.7192	0.475321	0.284191	0.272045	1.36255	1.14544	0.373626	1.79893	0.656258	0.23303	0.473376	0.273685	0.130636	0	0.169572	0	0.269952	1
1.25947	1.45732	0.115907	1.18128	1.93709	2.92738	1.68814	0.150684	2.845	2.77258	2.42472	2.29745	0.47612	0.0256269	1.64303	0.401635	0	2.25216	0.325689	2.32283	1.70144	1.44886	1.80442	1.16086	2.09147	2.47005	0.227522	1.74391	0.583082	0.522325	0.239123	1.29706	0.941384	0.0532408	1.65699	0.279325	0.0831865	0.100909	0.2291	0.140722	0	0	0	0	1
0.900743	2.4047	0.140898	1.21843	1.6406	2.82845	0.254383	0.0418283	2.69375	2.56547	2.48436	2.34448	0.0354649	0	1.40666	2.38745	0.120606	2.25869	2.4968	1.83693	1.88846	1.37993	2.03367	0.782789	2.14384	2.23456	0.43022	1.70826	1.05234	1.16926	0.772951	2.08331	1.24712	0	2.08555	1.04447	0.0549978	0.483726	0.286832	0.217671	0	0	0	0	1
1.07504	1.84407	0.838428	1.82196	2.14498	2.52551	0.0188344	0.601723	2.65133	2.62285	2.11932	2.10002	0.250864	0.00642792	2.10676	0.822735	0.444589	2.13205	0	2.412	2.46361	1.61144	2.17404	1.85743	2.10546	2.64728	0.926929	2.0169	1.3716	0.343934	0.399109	0.875171	1.17534	1.04541	1.57494	0.139578	0.305789	0.155966	0.307431	0.0403412	0.451936	0.144406	0.0448934	0.120155	1
1.3348	2.27584	0.0207662	2.14757	2.17555	2.84516	0.238189	0.165147	2.65555	2.77917	2.52485	2.44416	0.248407	0	2.04356	1.31784	0.154497	2.24514	2.61321	2.43093	2.01296	1.41995	2.01076	1.29185	2.12198	2.65831	0.486656	1.88952	0.402266	0.074658	0.457866	1.25788	0.894662	1.20457	1.70284	0.0677718	0.136844	0.0865736	0.28213	0.0318642	0	0.0256269	0	0	1
2.33393	1.02046	0.920062	1.36102	1.6598	2.67284	1.5688	1.46674	2.53457	2.40598	2.10073	2.1695	0	0.0843171	1.87872	0.346176	0.0278454	2.09075	0.0166942	2.46597	2.05065	1.74071	1.93788	1.65448	2.15774	2.43763	0.815372	1.9215	0.504435	0.370084	0.985519	1.75994	1.13312	0.0229975	1.94012	0.779255	0.136667	0.164635	0	0.106611	0	0	0	0.482822	2
0.741512	2.49906	0.0318642	2.24066	2.05138	2.90923	0	1.67465	2.51271	2.67682	2.32048	2.3782	0.00580798	0	2.14897	0.30235	0.0826206	2.35694	0	2.35564	1.90925	1.67051	2.28078	1.57847	2.04965	2.75477	0.607448	1.96652	0.530208	0.746106	0.659352	1.40237	1.13333	0.0555827	1.93832	0.28961	0.165147	0.691233	0	0.01975	0.0944235	0.0906947	0	0	1
0.590228	2.70429	0.127426	2.09699	2.01975	2.88511	0.0714132	1.72546	2.79779	2.76932	2.50954	2.53872	0.0356644	0	2.09993	0.207048	0.319253	2.32379	0	2.2465	1.88421	1.53051	2.17957	1.53789	2.30986	2.63192	0.930232	1.76736	1.26702	0.298175	0.353064	1.99806	1.59115	0.0350655	1.97668	0.347531	0.201357	0.0508922	0.156224	0.0246165	0.116088	0	0	0	1
0.426935	2.46439	0.0350655	2.04983	2.29919	3.07283	0.0270393	0.171607	2.81113	2.62015	2.38635	2.22841	0	0	1.81351	0.584557	0.15294	2.46356	0.742605	2.34774	2.02588	1.39531	1.71129	0.595661	2.43816	2.44418	0.310635	2.03983	0.501796	0.483726	0.382863	2.14194	1.15302	0	2.01192	1.30805	0.117355	0.24856	0.171268	0	0	0	0	0	1
1.65582	2.20915	0	1.91453	2.06102	2.84457	0.0280468	0.0479473	2.64738	2.73517	2.45808	2.38638	0	0	2.19802	0.362419	0.307931	2.22944	0.255298	2.26354	1.82599	1.7302	2.08247	1.73864	2.24181	2.54728	0.227048	1.77527	0.777037	0.33428	0.288734	1.73513	1.15606	0.21607	2.04594	0	0.176333	0.0392489	0	0.156397	0	0	0	0	1
1.09734	2.45131	0.373365	1.88723	1.83187	2.73076	0	1.98552	2.7032	2.6042	2.42873	2.26721	0.313613	0	2.13109	1.1926	0.25025	2.15953	0.0380558	2.25606	2.002	1.73694	1.90079	1.71512	2.07592	2.68732	0.691485	1.74798	0.476576	0.162412	1.07548	0.908216	2.012	0	1.97999	1.20771	0.397462	0.372054	0.399109	0.0716044	0.168553	0	0	0	1
1.39758	2.20445	0.0422244	1.80922	2.02887	2.66798	1.74069	0.709014	2.60655	2.69547	2.23195	2.64501	0	0	2.01444	0.465315	0.0826206	2.15347	0	2.24118	2.17868	1.27902	1.76714	1.32418	2.08521	2.58613	0.362419	1.89224	0.712041	0.629524	0.789364	1.33001	1.10632	0.0465695	1.57663	1.14657	0.139842	0.0453867	0	0.152073	0	0	0	0	1
2.30356	0.472345	1.24346	1.52148	1.71767	2.64343	1.26741	1.83652	2.37229	2.3695	2.20788	2.23355	0	0.239901	1.75418	0.15984	0.110451	2.12832	0.0278454	2.4668	2.05251	1.7662	1.82587	1.6396	2.13108	2.44501	0.424614	1.73728	0.496266	0.478285	0.158808	1.57309	1.14888	0	1.7392	0.567165	0.168043	0.231146	0	0.171437	0	0.0422244	0	0	2
1.62077	2.35651	0.248714	2.31058	2.28304	3.07185	0.150511	1.70044	2.80308	2.79734	2.44563	2.63991	0	0	2.18736	0.0193432	0.0555827	2.45076	0	2.3601	1.72595	0.970411	1.86227	0.493708	2.3296	2.35783	0.200051	1.80501	1.06451	0.909845	0.168214	1.85465	0.902878	0	1.78343	0.246559	0	0.167363	0.201521	0.0637284	0	0	0	0	1
2.25344	1.121	0.52681	1.44287	1.66797	2.67068	1.5248	1.35566	2.34531	2.34276	2.18759	2.186	0	0.221658	1.74388	0.329304	0.0483406	2.15517	0	2.48367	2.01912	1.66274	1.91176	1.68547	2.08242	2.40496	0.87568	1.82514	0.842192	0.127247	0.744864	1.44382	1.07277	0.183872	1.83745	0.588375	0.320937	0.390965	0	0.179693	0.245942	0.0445972	0	0	2
1.48947	2.22044	0.255908	2.2584	2.03718	2.73825	0.0940514	1.25794	2.67013	2.76362	2.34741	2.42969	0.0765608	0.0495192	2.08503	1.67399	0.28961	2.21894	1.45664	2.46691	2.0657	1.644	2.0404	1.38425	1.92245	2.61782	0.201031	1.88693	0.785573	0.377152	0.378714	1.23584	1.35165	0.101093	1.78844	0.765003	0.155534	0.240989	0.156397	0.0717956	0.308358	0.0761805	0	0	1
1.51381	1.25167	0.0107549	2.01949	1.97666	2.94551	0.500472	0.622026	2.70929	2.66991	2.41106	2.50457	0.0469634	0.251477	1.7261	0.452112	0.650029	2.35161	0	2.39553	1.87615	1.43082	1.94316	1.48161	2.07257	2.57737	0.0721778	1.91046	0.663836	0.469357	0.270251	2.06479	1.21847	0.96608	1.89342	1.08394	0.257886	0.18637	0	0.254688	0	0	0	0	1
2.22753	0.851374	1.28568	1.41634	1.67499	2.5984	1.09046	1.52551	2.33303	2.35211	2.14601	2.26212	0.00890317	0.235067	1.92204	0.324016	0.0761805	2.06479	0	2.51588	2.1513	2.00207	2.02061	1.71517	2.03623	2.45348	0.888647	1.77936	0.419828	0.442382	0.511536	1.54673	1.29341	0.0835635	1.84577	0.230517	0.338951	0.0211723	0.340456	0.0871368	0	0	0.104041	0	2
1.57947	1.65899	0.147203	1.35919	1.69424	2.68085	1.0144	0.676081	2.74826	2.4561	2.18009	2.21351	0.413275	0.309497	1.86526	1.24641	0.152593	2.20095	2.61392	2.49797	2.05705	1.45216	1.68475	1.50748	2.24571	2.58375	0.351718	1.77025	0.556011	0.407415	1.00528	1.42812	0.9511	1.77566	1.84697	0.98685	0	0.726339	0	0.297308	0	0.0428182	0	0	1
0.914227	2.24331	0.258646	1.92109	2.00945	2.6159	0.115907	0.147551	2.48607	2.55147	2.2354	2.47746	0	0	1.89559	1.01658	0.293251	2.12483	0	2.26114	2.15702	1.54732	1.39231	1.286	2.11098	2.6195	0.388403	2.01938	0.27903	1.00322	0.757723	0.645004	0.645814	0.297453	1.55857	0.986477	0.0683478	0.14037	0.191176	0.0602471	0.142829	0	0.28375	0	1
1.36312	2.53286	0.257278	2.01673	1.96465	2.90347	0.328471	0.276955	2.81856	2.46591	2.39088	2.33244	0.0731326	0.0160817	1.96267	1.63374	0.201194	2.33652	0	2.25589	2.15597	1.57631	2.18424	1.80191	2.27526	2.5227	0.47783	1.94958	0.457164	0.363481	0.364939	1.43657	1.14116	0.0658488	1.84261	0.400247	0.149119	0.530208	0.149815	0.209475	0.209313	0	0	0.272492	1
0.901231	2.38751	0.0318642	1.67432	1.8881	2.80081	0.344954	0.048144	2.8294	2.73057	2.359	2.40819	0.145456	0	2.07165	1.68703	0.158292	2.03112	0.513381	2.45711	1.93982	1.25325	1.83366	1.31155	2.1578	2.7284	0.149119	1.79896	0.655549	0.533379	0.247329	1.7808	1.12607	1.27011	1.8683	0.349155	0.176333	0.121326	0.177175	0	0	0.0225922	0	0	1
2.33058	0.784036	0.972593	1.50363	1.65516	2.68392	1.47811	1.59986	2.51523	2.29484	2.10287	2.16547	0	0.669334	1.81267	0.264545	0.0374586	2.1491	0	2.43328	2.04329	1.77119	1.90136	1.64664	2.18278	2.44405	0.730244	1.81579	0.445124	0.188528	0.830561	1.76239	1.25745	0	2.00711	0.90233	0	0.305932	0	0.35293	0.195462	0	0	0	2
2.10972	2.09733	0.402896	1.89392	1.94475	2.71259	0.997288	1.31316	2.49074	2.63862	2.31571	2.23642	0	0.0673875	1.94159	0.30964	0.309213	2.17166	0.0619896	2.45722	2.04748	1.68209	2.13078	1.6779	2.33239	2.59802	0.752901	1.87214	0.766435	0.499368	0.62934	1.53537	1.23324	0.0571404	1.92729	0.232089	0.242695	0.278586	0.130992	0.0784592	0.0970237	0	0	0.240367	1
1.21111	2.46935	0.230989	2.16664	2.06852	2.87259	1.07488	0.993513	2.66695	2.56145	2.39399	2.33322	0.0506962	0.158808	2.05562	1.18911	0.486769	2.2972	0.0765608	2.3572	2.1233	1.68385	2.20256	1.51031	2.35221	2.53949	0.369558	1.90608	0.597976	0.584262	1.01011	1.54436	1.35464	0.19579	2.00972	0.815931	0.159324	0.742683	0	0.332763	0	0	0	0	1
1.01981	2.36831	0.202499	1.9736	2.084	2.78437	0.27651	1.82188	2.58062	2.54791	2.39592	2.49059	0.0402419	0	1.88144	0.933488	0.501245	2.1388	0.092934	2.16158	1.68261	1.36276	1.70613	1.29042	2.17754	2.82997	0	1.63552	0.323037	0.492036	0.703001	0.885775	0.910868	0.233971	1.51133	0.989714	0.583673	0.463924	0.273536	0.0891985	0.207048	0	0.285219	0	1
1.1494	2.67453	0.429369	2.25756	1.87381	2.88988	0.444767	0.527661	2.70288	2.52741	2.27645	2.45519	0.0234025	0.0447947	1.9359	1.28039	0.233657	2.33398	0	2.35237	2.17505	1.65174	1.87598	1.19136	2.34246	2.46398	0.554886	1.91046	0.493931	1.01394	0.243005	2.0914	1.11739	0.0191398	2.00471	0.473949	0.030259	0.556726	0.424981	0.125278	0.0648857	0.0213753	0	0	1
0.999219	2.19754	0.0906947	2.09489	1.78857	2.96905	0	0.728015	2.7838	2.59811	2.51052	2.43662	0.125278	0	2.08024	1.03683	0.250711	2.16037	0	2.24916	2.10319	1.52847	2.29502	1.51993	2.32147	2.51961	0.315168	1.95694	0.756272	0.328888	0.561407	1.69772	1.06353	0.058501	2.18587	0.302494	0.247637	0.785792	0.248868	0.28272	0	0	0	0	1
1.13643	2.56581	0.0646929	2.08306	1.84232	3.01676	1.10845	0.315874	2.73084	2.75703	2.628	2.48346	0.464852	0.0828093	2.08726	1.41817	0.228469	2.11556	2.0106	2.31605	1.92585	1.43697	2.11572	1.52233	2.33948	2.78299	0.517705	1.75704	0.890016	0.260466	1.25238	0.976499	0.951043	1.14185	1.98174	0.535275	0.222294	0.14318	0.194968	0.210282	0.0759904	0	0	0	1
0.727298	2.27619	0.0154688	1.72652	2.06163	2.88289	0.132948	0.0979504	2.76122	2.76668	2.69512	2.4867	0.0412337	0	1.8869	2.85879	0.338266	2.19112	1.23543	2.28059	1.9653	1.43801	2.1381	1.37143	2.23004	2.45358	0.103121	1.72885	0.728653	0.664186	0.380402	1.47027	1.04015	1.29648	2.03106	1.02731	0.150511	0.194639	0	0.0238074	0.211411	0.108076	0.0829979	0	1
1.54632	2.12375	0.219746	1.84064	1.74133	2.75718	0.114455	0.537061	2.87963	2.69774	2.1723	2.36366	0.0282481	0.0328659	2.04149	0.879737	0.0910684	2.20269	0.0252229	2.15744	2.06262	1.53489	2.12217	1.61994	2.17311	2.58221	0.320797	1.94051	0.460668	0.595757	0.32972	1.44075	0.707125	0.174648	1.68978	0.471771	0.198906	0.351853	0.154324	0.0931204	0.665935	0.0384537	0	0	1
0.901964	2.40527	0.0526542	2.08341	1.76109	2.78652	1.46886	0.220862	2.6097	2.54743	2.23516	2.24462	0.0475539	0.179357	1.75665	1.37247	0.459619	2.28265	0.121866	2.2558	2.3096	1.37167	2.23755	1.21829	2.32262	2.50663	0.433491	1.99136	0.441665	0.730482	0.317424	1.40583	1.17853	0.359358	1.91082	0.755048	0.0465695	1.35478	0.133125	0.0408372	0.186702	0	0	0	1
2.29449	1.12185	1.02222	1.37641	1.71318	2.64045	1.2065	1.56089	2.37518	2.36044	2.14255	2.17983	0	0.515006	1.83474	0.120606	0	2.18633	0	2.4817	2.11601	1.90082	2.03121	1.67098	2.10717	2.44489	0.648328	1.81288	0.416002	0.753745	0.916734	1.80444	1.22032	0	1.89063	0.84313	0.0949814	0.837619	0	0.0430161	0.772578	0	0	0.447382	2
1.66288	2.14481	0.0126026	1.70244	2.04335	2.85068	0.672975	0.154843	2.7802	2.84733	2.57897	2.48887	0.0113712	0	1.88791	0.129033	0.183706	2.19048	0	2.33839	1.87141	1.78224	2.30848	1.34063	2.03142	2.60017	0.162755	1.80986	0.970521	0.950762	0.375065	0.963379	1.03576	0.0548028	1.97435	0.581605	0.414516	0.195955	0	0.0384537	0	0	0	0	1
1.16217	2.50177	0.224833	1.62737	1.76017	2.6957	2.21676	0.484177	2.86961	2.52982	2.21644	2.26028	0.0999855	0.0272409	1.84205	1.0096	0.242075	2.01785	0.0412337	2.38215	2.02686	1.50143	2.11826	1.76172	2.19857	2.36703	0.238656	1.85623	0.212216	0.786377	0.250711	1.68511	1.07662	0.392116	1.75933	0.591881	0.0876996	0.177847	0.0880746	0.0773207	0.12492	0.0211723	0.0473571	0	1
1.50575	2.34704	0.0829979	2.08382	2.00859	2.6875	0.747579	1.76496	1.76645	2.45306	2.24152	2.33989	0	0.237721	2.08554	0.43843	0.0380558	2.29138	1.20098	2.46686	2.29798	1.8077	1.89705	1.65082	1.82804	2.60052	0.182704	1.73725	0.200051	1.11341	0.414888	0.579631	1.05234	0.31672	1.84929	0.543953	0.183038	0.143881	0	0.12474	0	0	0	0	1
1.10353	2.58887	0.0101381	2.22108	1.90091	2.74701	0.698101	1.76043	2.53958	2.56997	2.292	2.24202	0.00910912	0.0314632	2.00268	0.383121	0.312905	2.22082	0.608967	2.37888	2.12918	1.43136	2.12109	1.42929	2.07276	2.56997	0.581704	1.79175	0.254688	0.567668	0.275619	1.07932	1.00683	0.043807	1.87483	0.374673	0.100909	0.322198	0.475321	0.0748484	0.074658	0	0.106244	0.18886	1
0.997549	1.84923	0.185538	1.33782	1.7297	2.50304	0.584851	0.600236	2.67757	2.76462	2.15342	2.21977	0.0398449	0.0634389	2.1561	2.17747	0.343389	2.01326	2.23766	2.62769	2.19752	1.74704	1.90142	0.938917	2.24004	2.56097	1.09531	1.87713	0.468953	0.140282	0.259253	1.43895	1.13625	1.69974	1.88252	0.298824	0	0.156914	0.356084	0.0311623	0	0	0	0.128408	1
1.55972	2.50408	0.0314632	1.86162	1.90038	2.8174	1.0521	0.201194	2.63377	2.68869	2.44953	2.29905	0.043807	0.400626	1.97531	2.2132	0.253008	2.19213	1.0096	2.37832	2.03636	1.46307	1.9912	1.43462	2.11019	2.50527	0.27443	1.89593	0.444172	0.228942	0.603063	1.45248	0.994774	0.959276	1.78651	0.626479	0.219268	0.325968	0.200704	0.122406	0.103121	0.0342663	0	0	1
1.79958	2.04866	0.291797	1.92836	1.90721	2.80736	0.297453	0.656878	2.62713	2.6967	2.50466	2.37577	0.0508922	0	1.93986	0.875235	0.35037	2.17504	0.228154	2.39911	1.90737	1.49025	2.02243	1.78281	2.26331	2.57989	0.149467	1.92621	0.88765	0.584949	0.28961	1.41739	1.07138	0.224675	1.78405	0.61848	0	0.219906	0.216711	0.162755	0.162584	0.0553878	0	0	1
1.33904	2.36638	0.454114	2.34121	1.7075	2.87263	0.125457	0.995141	2.50102	2.6429	2.46848	2.5023	0.0234025	0.0183254	2.27059	0.819828	0.207696	2.09925	0	2.48219	1.93078	1.90969	2.15118	1.63477	2.03653	2.60123	0.167703	1.63111	0.391605	0.320096	0.244243	1.7751	1.18749	0	2.14249	0	0.168043	0.259253	0	0.0778901	0	0	0	0	1
0.500252	2.54901	0.0639214	1.88166	1.98624	2.88933	0	0.939491	2.90244	2.7515	2.18788	2.28923	0.0983208	0	1.86177	2.42561	0.3689	2.18554	0	2.21026	2.01159	1.39275	2.18252	1.3182	2.23927	2.28252	0.758332	1.69745	0.991195	0.384284	0.199887	2.01939	1.37466	0.070265	2.01544	0.735389	0.291797	0.43337	0	0	0	0.0398449	0	0	1
1.66203	1.51576	0.115725	1.62189	1.9826	2.71593	0.239123	0.319113	2.819	2.70496	2.45254	2.2223	0	0	2.00279	1.90253	0.0296562	2.13144	0.0694986	2.34532	1.98738	1.5584	1.96403	1.49372	2.11289	2.48765	0.268154	1.79972	0.821145	0.280212	0.261525	1.99783	1.15266	1.01572	2.0299	0.138609	0.145281	0.0700735	0	0.186204	0	0	0	0	1
1.32544	2.01782	0.00477375	1.6244	1.98504	2.85982	0.108076	0.0944235	2.75321	2.7435	2.50084	2.40214	0.306646	0.0195467	1.95516	2.61291	0.0248187	2.10945	0.524678	2.43615	1.78422	1.59576	1.34622	0.644914	2.07994	2.40782	0.642207	1.92818	0.56414	0.381569	0.562116	1.58054	0.782569	1.09477	1.70629	0.700763	0.0936791	0.0491265	0.178686	0.0424224	0	0	0	0	1
1.37028	2.47981	0.182704	2.00524	1.99195	2.79634	0.215108	1.61077	2.69088	2.70731	2.30872	2.51975	0.0540221	0.137374	1.8563	0.120065	0.459502	2.24441	0	2.29862	2.34257	1.60186	2.03149	1.63668	2.14534	2.48413	0.308501	2.10381	0.191011	1.03659	0.540202	1.47194	0.997288	0	1.89835	0.296151	0.218629	0.340319	0.429369	0.149989	0.12671	0	0.0936791	0	1
1.62215	1.93852	0.210282	1.79241	1.99952	2.70239	0.398982	0.253772	2.6334	2.76989	2.40055	2.31143	0.0142416	0	2.13693	1.4517	0.119163	1.95645	1.06549	2.50032	2.01117	1.6085	2.15466	1.48966	2.00082	2.48855	0.625831	1.85098	0.683869	0.207696	0.489015	1.38174	1.1758	0.0677718	1.71194	0.100355	0.198742	0.0171023	0.154151	0.0242121	0	0	0	0	1
2.30125	0.804596	0.976066	1.46656	1.7516	2.62799	1.67306	1.74537	2.27933	2.41283	2.01109	2.32578	0	0.0920017	1.76124	0.479649	0.197432	2.08766	0	2.36906	2.06308	1.6441	1.4728	1.25934	2.00648	2.64311	0.476576	1.96915	0.425348	0.236317	1.53965	1.48568	0.825148	0.149467	1.42869	0.115181	0.226416	0	0	0	0	0	0	0	2
1.10397	2.51573	0.176502	2.10471	2.06856	2.92216	0.0288519	0.796809	2.56362	2.77057	2.48746	2.40572	0.0171023	0.0296562	1.88621	0.233501	0.173129	2.25326	0.0449921	2.4629	2.00603	1.63134	2.28865	1.17998	2.23866	2.55377	0.590715	1.85149	0.851969	1.01088	0.296151	1.40435	1.26914	0.0209693	1.96301	2.21989	0.233657	0.553041	0	0.284485	0.304931	0.0679638	0.0518716	0	1
2.05049	1.18409	0.688956	1.47144	1.62189	2.68979	1.6277	1.33692	2.50345	2.46614	2.10654	2.23996	0	0.0340664	1.79876	0.319534	0.0432139	2.03359	0.0262325	2.45036	2.03868	1.72106	1.75005	1.34735	2.02807	2.44263	0.561305	1.93067	0.615386	0.455875	1.44124	1.46634	0.938629	0.194968	1.80518	0.278882	0.0563619	0.11645	0	0.0495192	0.313896	0	0	0	2
2.23316	1.23032	1.00858	1.47879	1.69926	2.69294	1.51125	1.53362	2.59718	2.41945	2.13589	2.20044	0	0.18053	1.7805	0.168384	0.070265	2.09015	0.0430161	2.43673	2.04853	1.89723	1.90389	1.58138	2.21901	2.39068	0.608588	1.86894	0.457632	0.394029	0.395684	1.61763	1.13639	0.0298572	1.97191	0.237253	0.133303	0.241765	0.134012	0.0207662	0	0	0	0	2
0.91941	2.20252	0.309355	1.73767	2.15196	2.78946	0.566359	0.43216	2.5635	2.6859	2.44197	2.38731	0	0.0650784	1.79875	0.8464	0.0282481	2.19201	0.0338665	2.31919	2.3621	1.65249	1.70438	1.05514	2.31672	2.38119	0.406538	1.97991	0.638945	0.5515	0.455641	2.0207	1.06972	0	1.61646	0.433974	0.0721778	0.0666185	0.201194	0.0635354	0.277845	0	0	0	1
1.115	1.20952	0.503117	1.09509	1.81139	2.21552	0.0884494	1.00399	1.67705	2.46948	2.1819	2.02073	0.843263	0.415754	2.4964	1.90164	0.997393	2.08599	1.47065	2.70049	2.42835	2.20336	2.29962	1.81718	1.78901	2.51218	1.70447	1.32362	0.303498	0.601435	1.10836	0.948161	1.75954	1.25425	1.90493	1.40726	0.190184	0.732624	0.272045	0.0455839	2.1882	0	0.653506	1.10362	1
1.06847	2.24558	0.43831	1.92061	2.02045	2.86969	1.8023	1.04229	2.81619	2.71264	2.4867	2.3926	0.0356644	0.141776	2.07426	0.91225	0.215429	2.19883	0.477146	2.3959	1.91515	1.4209	1.82035	1.35006	2.25704	2.44049	0.16361	1.95996	0.526171	0.312905	0.936324	1.69878	0.950367	0.308358	1.92682	0.571978	0.163952	0.0758002	0	0.0223895	0.0548028	0.0179179	0	0	1
1.49196	2.47285	0.0586952	2.35394	1.97344	2.9902	0.0115766	0.65617	2.64581	2.74346	2.43391	2.44577	0.19431	0.00787269	2.01725	0.917984	0.432039	2.40723	0	2.38207	1.92594	1.43766	2.19922	1.30179	2.21845	2.5417	0.641845	1.94076	0.763266	0.427666	0.162241	1.45446	1.03069	0.0491265	1.73992	1.18447	0.0264343	0.489575	0.328471	0.0232	0.0565566	0.018529	0.041432	0.268904	1
1.12933	2.46098	0.128497	2.19431	2.08935	2.9284	0.359091	1.57743	2.73486	2.77993	2.49095	2.55148	0.0105493	0.0326657	2.12952	0.487668	0.408791	2.33068	0	2.36902	2.09927	1.52184	2.22493	1.3754	2.15952	2.50039	0.300049	1.75426	0.62277	0.50597	0.245015	1.64003	0.955593	0	1.92175	0.375848	0.0274425	0.134189	0.0801641	0.070265	0.113911	0	0	0.151032	1
1.54899	1.64785	0.573076	1.40571	2.41576	2.40861	0.0455839	2.20851	1.92926	2.53088	2.34545	2.31991	0.719349	0.14633	2.52111	0.555602	1.52219	2.42569	0	2.39474	2.43556	2.37303	2.18785	1.95867	1.78213	2.53351	0.759018	1.44341	0.985252	0	1.41037	1.31197	2.36453	0	1.94984	1.12619	0	2.09649	0.762661	0	2.0895	0	0.492705	0	1
2.3876	0.868389	1.33019	1.4143	1.66885	2.62207	1.4593	1.39144	2.49093	2.40224	2.08927	2.18418	0	0.175828	1.81772	0.125457	0	2.07555	0	2.46503	2.09519	1.9097	2.02369	1.70789	2.07956	2.42396	0.768164	1.76267	0.464504	0.497929	0.221499	1.72754	1.24546	0.0402419	1.83895	0.461833	0	0.657586	0	0	0	0.0869491	0	0	2
1.29288	2.19787	0.0232	1.7529	1.88532	2.59433	0.0693069	1.84245	2.30429	2.3185	2.16007	2.24909	0.0209693	0.071222	1.72502	0.13755	0.0895728	2.01889	0	2.29902	2.03991	1.33437	1.39918	1.6825	2.12864	2.49445	0.150858	1.9965	0.407415	1.0436	0.271149	1.17171	0.680286	0	1.68005	0.266652	0.217351	0.140018	0	0.875871	0	0	0	0	1
0.997027	2.18973	0.273983	2.04636	2.17114	2.83784	0.230045	0.537375	2.81773	2.62839	2.33691	2.42222	0.00373825	0.0171023	1.96579	0.783449	0.0635354	2.18991	0	2.39042	2.06691	1.46822	2.19305	0.876633	2.22895	2.39	0.613033	1.76904	1.04861	0.51932	0.663485	2.17158	1.14524	0	1.79744	0.0532408	0.248099	0.0262325	0.227522	0	0	0.0199534	0	0	1
0.846866	2.37215	0.0790279	1.93287	1.96397	2.78697	0.041432	0.462995	2.97412	2.76452	2.46474	2.44573	0.0714132	0.0561672	1.84708	0.882889	0.305503	2.19176	0.0432139	2.29786	2.09834	1.22745	2.40912	1.84197	2.11109	2.48272	0.17448	1.76733	0.375979	0.563331	0.377282	1.47777	1.08979	0	1.70554	0.524144	0.174817	0.16207	0	0	0	0.0652711	0	0	1
1.02935	2.73294	0.0250208	1.68406	1.6241	2.93127	0	0.0959104	3.03576	2.72424	2.49803	2.35502	0.0553878	0.251937	1.67599	0.488229	0.155016	1.97259	0.0400434	2.32142	1.71548	0.867101	1.47144	1.34281	2.24131	2.36273	0	1.89255	0.603159	0.621374	0.933604	1.62338	0.570377	0	1.39411	0.154843	0.0850699	0.0532408	0.233971	0	0.176165	0.0604409	0.244243	0	1
1.21482	2.32968	0.0656563	2.01406	1.9827	2.78644	0.0294552	1.16926	2.47199	2.5999	2.37703	2.28767	0.0592775	0.0101381	1.88224	0.189357	0.175997	2.19125	0	2.38547	2.27714	1.70328	1.98125	1.54513	2.2889	2.44349	0.581999	1.96554	0.398602	1.03742	0.40954	1.32474	1.10489	0	1.91745	0.984612	0.287125	0.099246	0.0975799	0.17566	0.256365	0	0.1022	0	1
2.28087	1.297	0.836065	1.46858	1.58242	2.71193	1.49219	1.63651	2.50692	2.40026	2.13243	2.1809	0.0041526	0.109173	1.81323	0.15984	0.0824319	2.09772	0	2.41974	2.06512	1.79021	1.87276	1.56713	2.21155	2.38976	0.620721	1.84838	0.504874	0.285806	0.870187	1.66151	1.13287	0.132059	1.96439	0.347125	0.148423	0.0577238	0.0927476	0.0683478	0	0.0442022	0	0.173467	2
1.1515	1.94244	0.158292	2.14912	2.19014	2.93159	0.324016	0.297886	2.49279	2.72451	2.34207	2.4803	0	0	2.15671	0.752824	0.406288	2.14079	0.0179179	2.39493	1.81648	1.56745	2.09553	1.71369	2.33666	2.74186	0.110816	1.99163	1.18303	0.485305	0.642207	2.06656	1.36434	0.847664	1.97343	0.491365	0.238968	0.0809208	0.571978	0.0666185	0	0	0	0	1
1.67925	1.50246	0.311487	1.52083	1.93147	2.63179	0.550162	0.803601	1.6453	2.56989	2.40024	2.4203	0.22515	0.335107	2.12437	0.150511	0.148074	2.2572	0	2.41238	2.11546	1.70616	1.98255	1.90902	1.73975	2.60522	0.409165	1.74558	0.911108	0.855589	0.683869	1.36772	1.17008	1.31385	1.69072	0.329026	0.100355	0.0927476	0	0	0.205426	0	0	0.467281	1
2.33178	0.757265	0.8864	1.3974	1.76101	2.64829	1.81875	1.56907	2.41189	2.38707	2.13693	2.18715	0	0.297019	1.92187	0.132948	0.113365	2.06632	0	2.48389	2.02719	1.83903	1.99839	1.62035	2.15377	2.44544	0.627403	1.83328	0.654662	0.391988	0.262584	1.848	1.30605	0	1.99979	0.606687	0	0.0925612	0	0.214467	0	0.104776	0.117717	0	2
0.951551	2.18367	0.704983	2.07639	1.93563	2.83004	0.237877	0.711878	2.92978	2.67746	2.68326	2.37098	0.0227949	0.052263	2.21149	0.837889	0.566057	2.32658	0	2.51801	2.1174	1.30292	2.25742	1.32891	2.13559	2.62592	0.125099	1.62595	0.98242	0.5338	0.597302	1.34958	1.33152	0.243779	1.97788	1.17745	0.043807	0.298319	0.737122	0.0933066	0	0.0308613	0.0685397	0	1
1.5816	1.81614	0.0493229	1.72873	1.74655	2.68458	1.88163	0.150684	2.7409	2.51317	2.36454	2.21578	0.0150599	0	1.92093	0.608018	0.200541	2.05978	0.0179179	2.3791	2.26377	1.26875	2.15791	2.04456	2.10663	2.5218	0.511101	1.91891	0.808632	0.682847	0.864388	1.57561	1.07681	0.17919	1.95395	0.200214	0.111363	0.404656	0.377282	0.0506962	0.0826206	0.0272409	0	0	1
1.3929	1.61736	0.448923	2.09389	2.02498	2.80671	0.482256	0.344546	2.62955	2.6545	2.35624	2.4435	0.0238074	0.0633423	2.09277	0.957047	0.494599	2.24501	0.0949814	2.48725	2.09063	1.63263	2.04036	1.30902	2.26242	2.64142	0.331381	2.04865	0.770038	0.366922	0.479195	1.44175	1.24042	0.110998	1.81172	0.513056	0.289026	0.233971	0	0.0662338	0.127426	0	0	0.168553	1
0.958274	2.12898	0	1.48649	2.09754	2.78221	0.0549978	0.0384537	2.84589	2.86246	2.35772	2.44123	0.01975	0.00766645	1.84588	1.23832	0.0195467	2.23942	0.8569	2.45039	2.12409	1.68717	1.63767	0.747192	2.27632	2.6757	0.0505002	1.82147	0.301776	0.314744	0.502567	1.97731	0.680457	0.906765	1.58887	0	0.301919	0.0312626	0.207534	0.0113712	0	0.0356644	0.0402419	0.262735	1
1.0918	2.45178	0.147028	1.94601	1.96927	2.73004	0.183872	0.481804	2.85805	2.88659	2.62874	2.48853	0.0524586	0.027644	2.00506	0.0119871	0.345904	2.13777	0	2.2019	2.31445	1.53666	2.25346	1.61131	2.05813	2.95526	0.620628	1.7845	1.62789	0.323317	0.302207	1.19207	0.939836	0.110816	1.90482	0.412529	0.341822	0.0693069	0	0.726978	0	0.032265	0.0716044	0	1
2.40897	1.09375	0.779624	1.17437	1.49534	2.68571	0.659088	1.70118	2.3336	2.67496	2.36321	2.09595	0	0.298608	1.76764	0.373234	0.01975	2.14688	0	2.41259	1.93434	1.68561	1.88273	1.33923	2.1715	2.48766	0.434698	1.8221	0.193981	0.195297	0.40012	1.44334	0.997445	0.032265	1.68839	0.447382	0.266352	0.173298	0	0.0445972	0	0.103121	0	0.617075	2
2.41274	1.04784	1.08322	1.47522	1.69439	2.65123	1.67345	1.72811	2.4944	2.3948	2.12325	2.20985	0.0107549	0.200051	1.95824	0.192827	0.0314632	2.1097	0	2.49545	2.08812	1.92537	1.97313	1.68357	2.09809	2.40825	0.864258	1.81865	0.577353	0.160355	0.410288	1.47025	1.18132	0.0512841	1.85123	0.757494	0	0.0740863	0.394666	0.0360635	0.166341	0.0567513	0	0	2
1.66639	1.38942	0.727138	1.66181	2.03496	2.51417	0	1.59464	1.58657	2.37378	2.29955	2.05423	1.21021	0.237721	2.45069	0.260163	1.45768	2.2099	0	2.5114	2.4744	2.25791	2.39029	2.26683	1.53547	2.28039	1.12236	1.14706	0.200051	0.569375	1.53282	0.630077	1.72271	0	1.86673	0.390069	0.122226	0.667767	0.551911	0.0557776	2.52655	0	0.946346	1.21536	1
2.35991	0.641031	0.819897	1.48821	1.68388	2.62278	1.44399	1.67247	2.28985	2.38623	2.13196	2.15011	0	0.277845	1.77814	0.28272	0.107527	2.07679	0	2.42938	2.03438	1.68599	1.83546	1.70173	2.14833	2.45281	0.504874	1.88103	0.458451	0.670637	0.243624	1.38774	1.13886	0.0608283	1.8695	0.433491	0.180028	0.284044	0	0.0428182	0.195133	0	0	0	2
2.0143	1.74101	0.505532	1.77852	1.75456	2.75782	1.45095	1.13598	2.60014	2.5699	2.2794	2.20627	0.0288519	0.0660413	1.89102	1.18231	0.291651	2.14682	0.122046	2.42962	2.02741	1.64454	2.00671	1.58586	2.17171	2.44729	0.636123	1.87542	0.823356	0.11282	1.11538	1.43737	1.22323	0.16361	2.01066	0.728653	0.10771	0.188528	0	0.344546	0	0.0392489	0	0	1
0.80488	2.61705	0.263037	1.84107	1.89274	2.90265	0.149641	0.200704	2.61891	2.58272	2.37377	2.40715	0.116269	0.043807	1.77753	1.1622	0	2.30197	0.333867	2.30908	1.94946	1.34154	1.83375	1.59649	2.00991	2.35488	0.0717956	1.93505	0.3656	0.549543	0.268604	1.94932	1.31974	0	2.14982	0.581901	0.256365	1.08358	0	0.276955	0.276659	0.0508922	0	0	1
1.20977	2.31339	0.114274	1.94482	1.9609	2.90418	1.48809	0.399109	2.76362	2.70651	2.43249	2.41326	0.0416301	0.116088	1.97658	0.814883	0.237565	2.13894	1.12573	2.29555	2.14297	1.33715	1.85242	1.4873	2.15946	2.58384	0.25986	2.01317	0.37624	0.534748	0.769813	1.31743	0.729926	0.0342663	1.62034	0.0512841	0.128676	0.126353	0.219746	0.0700735	0.113547	0	0	0	1
1.28395	2.39067	0.517382	2.02842	2.04531	2.72742	0.117717	0.502787	2.68031	2.64977	2.38089	2.41131	0.0183254	0.0107549	1.98763	1.38699	0.150858	2.2268	0.122945	2.54784	2.23908	1.50622	2.1488	1.05491	2.31164	2.41638	0.569876	1.99747	0.500252	0.705396	0.722733	2.07485	1.21868	0.126532	1.98157	0.688956	0.535064	0.423267	0.102752	0.0156732	0	0.0250208	0.107527	0	1
1.29955	1.89446	0.491254	1.44394	2.44827	2.28682	0	2.36687	2.0764	2.62574	2.37038	2.50311	0.353602	0	2.28811	0.853946	0.682847	2.26297	0	2.26903	2.28826	2.00944	1.89604	1.5001	1.84496	2.79264	0.225308	1.70105	1.46647	0	1.16287	1.20832	1.89661	0	1.34861	0	0.0822432	0.526064	0	0.106611	0	0.0583068	0.333315	0	1
1.18795	1.49288	0.0666185	1.94691	1.8725	2.70608	0.140898	0.606973	2.69351	2.63779	2.38772	2.26666	0.003531	0	1.91889	0.214145	0.17566	2.20641	0	2.30513	1.9132	1.50974	1.90511	1.6233	2.02164	2.60809	0.43022	1.63352	1.29061	0.43119	0.369558	1.36491	1.37774	0.0168983	1.78358	0.514248	0.026636	0.236629	0.214627	0.417362	0.0571404	0.0187327	0	0	1
1.15562	2.64867	0.0670031	2.26688	2.15065	2.86833	0.545407	0.288003	2.73181	2.7028	2.35731	2.35133	0.0134225	0.0508922	2.11344	1.50706	0.352392	2.3427	0.0765608	2.42043	2.06557	1.54527	1.9021	1.58253	2.38114	2.58392	0.503886	1.88561	0.713428	0.353736	0.271298	1.97635	1.45159	0.0637284	1.96066	0.0641144	0.426813	0.462647	0	0.153978	0.0735142	0.0242121	0	0	1
1.50302	2.10444	0.0528498	1.88688	1.86041	2.77278	0.875744	0.489799	2.81319	2.69925	2.32475	2.34868	0.021984	0.218949	1.88072	1.09752	0.157087	2.05361	0.159324	2.23215	2.42178	1.20178	1.59205	1.40696	2.20193	2.62027	0.158292	2.2248	0.40929	0.521897	0.436868	1.23567	0.734916	0.159496	1.67505	0.408915	0.158636	0.449278	0.099246	0.0731326	0	0	0	0	1
1.29232	2.26553	0.0799749	2.02826	1.96093	2.79797	1.7805	0.559172	2.76838	2.6004	2.33187	2.32559	0.0187327	0.367054	2.07786	0.486094	0.176502	2.25317	0.153632	2.38099	2.13363	1.53637	2.09234	1.66062	2.27307	2.45801	0.353468	2.06545	0.426935	0.368505	1.15801	1.36778	1.22485	0.273983	2.06391	0.697434	0.354005	0.182203	0.197268	0.272791	0.147551	0	0.109538	0	1
1.82043	0.987859	0.0551928	1.64345	2.13476	2.76586	0.335107	0.370347	2.52036	2.65634	2.50482	2.31901	0.00456675	0	1.88589	1.85242	0.163268	2.20158	0.0164901	2.50567	2.22797	1.57557	1.77442	1.5893	2.08327	2.62583	0.222135	1.86872	0.826317	0.260769	0.193816	1.37439	1.09932	2.0128	1.82968	0.663485	0.326664	0.0645001	0.103305	0.23491	0	0.0495192	0	0.192332	1
0.767112	1.45661	0.0215783	1.86722	2.05297	2.82111	0.0221868	0.0286507	2.70783	2.67196	2.472	2.7381	0.0258288	0.101093	2.18852	0.443337	0.0565566	2.34391	0.428031	2.3416	1.70701	1.79972	2.04173	1.49076	2.11168	2.63394	0.381957	1.88211	1.8569	0.475892	0.163781	1.14381	1.3092	0.0916285	2.05907	1.22344	0.316015	1.05737	0.142127	0.0648857	0	0.052263	0	0.140018	1
0.464504	2.15508	0	1.93602	1.75461	2.97914	0.19956	0.0670031	2.8619	2.54431	2.31766	2.22158	0.0721778	0.0109604	1.59892	1.88187	0.176502	2.34535	0.972103	2.27422	1.85365	1.3848	1.61429	0.941327	1.8804	2.39064	0.135606	1.53464	0.28771	0.743774	0.378324	1.84509	1.15398	0.0880746	1.59556	0.931455	0.329997	0.21783	0.104592	0.0771308	0.517921	0	0.109538	0	1
1.01267	2.41846	0	1.39976	1.91449	2.70334	0	0.0312626	2.60904	2.6442	2.5886	2.61919	0.505093	0.0491265	2.00513	1.48097	0.0912551	2.11053	2.69058	2.31898	1.89224	1.58153	1.44849	1.24611	1.95367	2.76203	0.839977	1.86811	0.473262	0.674788	0.375457	1.08983	0.570878	0.05148	1.62607	0.556215	0	0	0.655461	0.104224	0	0.0571404	0	0	1
1.26454	2.05574	0.0637284	1.79176	2.00355	2.9525	0.474063	0.67107	2.72338	2.7225	2.58996	2.32612	0.0758002	0.0668108	1.99622	2.76775	0.0571404	2.35063	2.2421	2.38907	1.91846	1.67667	1.65888	1.17333	2.15496	2.52167	0.263339	1.87029	0.728653	0.478854	0.295862	1.40491	1.06001	1.24854	1.95702	0.661114	0.205426	0.171607	0.505642	0	0.579037	0	0	0.365733	1
0.931688	2.40127	0.394921	1.92587	2.16197	2.86412	0.0569459	0	2.53985	2.7243	2.6463	2.45205	0	0.0199534	1.94615	2.81793	0.710243	2.35837	2.62937	2.26125	2.10431	1.37726	1.79298	1.34377	2.19308	2.74882	0.12474	2.05235	0.698768	1.04442	0.60335	1.55752	0.886838	0.253619	1.85193	0.709669	0.181033	0.115725	0.181869	0.0290531	0	0	0	0.325968	1
1.74882	2.06976	0.021984	1.68377	2.00181	2.73488	0.140898	0.263188	2.72928	2.74512	2.3694	2.3529	0.00498069	0	2.12841	0.367318	0.285953	2.11747	0.017714	2.46245	1.8432	1.63914	2.14187	1.45414	2.10929	2.63782	0.344954	1.83687	0.523716	0.0782696	0.671937	1.27476	1.25335	0.135783	2.03244	0.401888	0.074658	0.191672	0.110269	0.0497155	0.155534	0.0528498	0	0	1
1.12858	2.42797	0.0440047	1.7697	1.71047	2.5506	1.49162	0.377413	2.44287	2.34827	2.13847	2.17188	0	0.0234025	1.60721	1.0014	0.138785	2.07511	0.517058	2.29823	2.05956	1.36656	1.35078	1.49834	2.11137	2.63934	0.467858	1.78994	0.405661	0.834303	0.760082	1.34139	0.619134	0.178854	1.48023	0	0	0.334969	0	0.537166	0.157776	0	0	0	1
1.36151	1.99633	0.19579	2.22938	2.08469	2.89078	0.0652711	0.272492	2.8386	2.67004	2.56191	2.35401	0.0936791	0.0451894	2.22355	1.46866	0.252549	2.36098	0.545199	2.30304	1.82582	1.98738	1.89954	1.55494	2.05826	2.74402	0.142127	1.67164	0.667245	0.705643	0.368109	1.29307	1.08746	0.0473571	1.97655	0.825767	0.142478	0.733573	0.2064	0.125995	0	0	0.215589	0	1
1.44628	1.84162	0.804809	1.94721	1.77048	2.62684	0.430098	0.458334	2.82642	2.57969	2.30536	2.27705	0.0912551	0	2.04894	1.0148	0.427788	2.11157	0.0136273	2.43284	2.21003	1.46558	2.20103	1.82084	2.16631	2.51215	0.575964	2.03334	0.713916	0.535695	0.342776	1.42408	1.00311	1.08113	1.93312	0.433974	0.188362	0.151899	0.164806	0.0388514	0.122586	0.0412337	0	0	1
2.35253	0.432402	0.858208	1.42876	1.61023	2.66932	1.0334	1.25768	2.41192	2.39698	2.03929	2.20779	0	0.0207662	1.76737	0.141249	0.0516758	2.07998	0.0617962	2.40736	1.89634	1.38051	1.5614	1.43742	2.10625	2.51298	0.291651	1.93058	0.455406	0.196119	0.741512	1.37089	0.825423	0.122766	1.57472	0.17919	0.0673875	0.120065	0.0996158	0.0592775	0	0	0	0	2
1.11096	2.45245	0.229415	2.11137	1.90965	2.91118	0.191176	0.980059	2.80117	2.55243	2.36667	2.29694	0.0342663	0	2.01256	0.350505	0.462647	2.2046	0	2.37578	1.90853	1.31022	1.96234	1.91301	2.26911	2.59308	0.449278	1.87151	0.905189	0.752209	0.479649	1.74005	1.18979	0.0336665	1.94086	0.518029	0.350505	0.964593	0	0.152766	0.210282	0	0	0	1
1.03752	2.16117	0.089947	1.9311	2.18229	2.97806	0.33152	0.345226	2.91904	2.83158	2.48062	2.33276	0.623885	0	1.86716	2.1916	0.379494	2.24857	1.61061	2.56133	2.06925	1.5948	1.94124	1.14674	2.29733	2.52144	0.675047	1.95504	0.763644	0.802034	0.991142	1.64699	1.00709	0.574372	2.06657	0.653417	0.0643073	0.166512	0.557848	0.0565566	0.134721	0	0	0	1
1.60541	2.54757	0.0378568	2.24271	1.79414	2.81412	0.0292542	1.01981	2.61291	2.60538	2.39025	2.35392	0.0215783	0.0201566	2.09826	0.882008	0.461716	2.24086	0.426447	2.34811	1.97753	1.61831	2.29766	1.76529	2.26117	2.53623	0.594984	1.80754	0.676597	0.474063	0.370216	1.77768	1.15017	0.744319	2.21493	0.475549	0.155016	0.202987	0	0.376109	0.198087	0	0	0	1
2.5671	0.749049	1.17089	1.43518	1.5719	2.68734	1.43258	1.65897	2.44983	2.51576	2.18036	2.16694	0	0.13755	1.76632	0.210605	0	2.16096	0	2.44152	1.99993	1.90107	1.67308	1.49435	2.17296	2.50102	0.581802	1.763	0.279917	0.449751	0.238968	1.89028	0.921305	0	1.67286	0.683103	0.0685397	0.405912	0	0	0.143355	0	0	0.341958	2
1.36304	2.34113	0.39186	1.94316	2.17697	2.98735	0.228311	0.361888	2.61388	2.50478	2.29119	2.4018	0.0376577	0.0648857	2.07703	0.617075	0.635393	2.38082	0	2.40402	1.93752	1.47794	1.85526	0.96685	2.15967	2.51091	0.602967	2.23175	0.377803	0	0.887213	1.51359	1.09242	0	2.3089	0.647252	0.309924	0.351314	0.361356	0.300481	0	0.187699	0	0	1
1.6248	1.70767	0.199724	1.65912	1.80816	2.63427	0.796018	0.763191	2.56875	2.52887	2.21827	2.2409	0.139842	0.0146509	2.06877	2.48543	0.15467	2.07834	2.01341	2.59897	2.13492	1.74279	1.78171	1.61684	2.20567	2.47964	0.999375	1.87616	0.574472	0.463808	1.18851	1.35861	1.14349	1.80143	1.99371	0	0.0938653	0.100355	0	0.157948	0	0	0	0	1
1.56876	2.04225	0.0390502	1.95342	1.89131	2.7705	0.286832	0.907612	2.77986	2.6407	2.3796	2.39506	0.00704741	0	1.96983	1.00796	0.447975	2.10648	0	2.347	1.94786	1.5985	2.34248	1.49206	2.18319	2.59747	0.153113	1.74514	0.526703	0.443457	0.890327	1.72342	1.14018	0.364276	1.96469	0.580421	0.0544126	0.887088	0.28375	0.639762	0	0	0	0	1
2.04694	1.20347	0.653417	1.39877	1.68336	2.60682	1.10086	1.23049	2.4407	2.3928	2.1608	2.17736	0.00684096	0.431918	1.73809	0.210121	0.133835	2.14303	0.0716044	2.4302	1.99329	1.70265	1.85634	1.58073	2.10492	2.41352	0.34902	1.71331	0.487331	0.660145	0.261223	1.65498	1.1387	0	1.92085	0.817395	0	1.22425	0	0.111545	0.209636	0	0	0.634022	1
1.47356	2.06533	0.0979504	0.957995	1.92722	2.70246	0.0828093	0.0947955	2.75177	2.62674	2.63299	2.69401	0.0332663	0.0195467	2.06398	0.262282	0.0725599	2.04028	0	2.24459	1.63991	1.66036	1.72647	1.7344	2.04422	2.76317	0.278734	1.58141	1.69015	0.129211	0.340046	1.38035	1.33741	1.38787	2.05754	0.117536	0.178686	0.0398449	0	0	0.134012	0	0	0	1
1.95123	1.33978	0.462647	1.64165	1.83646	2.62203	1.13755	0.606973	2.57631	2.66738	2.32614	2.26459	0.00290894	0.107161	1.78257	0.591687	0.104408	2.05406	0.0499117	2.38566	2.05584	1.59651	1.85418	1.52616	2.10098	2.46854	0.298175	1.92355	0.538842	0.278437	0.379883	1.54724	1.00991	0.0548028	1.82834	0.223564	0.0648857	0.881	0.0652711	0.348208	0.176838	0.0156732	0	0	1
1.22478	2.14963	0.570677	1.90553	1.61241	2.7733	0.247637	0.0685397	2.99074	2.58299	2.33461	2.23573	0	0.0278454	1.80502	1.65751	0.191672	2.07515	0	2.35154	2.19223	1.24624	2.19094	1.98681	2.17246	2.38126	0.429369	1.9089	0.396192	0.44667	0.554067	1.71374	0.882323	0.541037	1.82737	0.162584	0.0895728	0.290048	0.244861	0.115725	0	0	0	0	1
1.11517	2.61126	0.352526	1.91947	1.98604	2.88204	0.131526	0.434819	2.82182	2.66129	2.45202	2.28192	0.0205631	0	1.6728	0.48203	0.167873	2.2753	0.0244143	2.18774	2.05416	1.23622	1.93826	1.3436	2.29539	2.47645	0.312196	1.94453	0.410413	0.749435	0.477488	1.91596	1.29802	0	2.0298	1.02097	0.148945	1.29909	0	0.313046	0.209152	0.0727508	0	0.272343	1
1.12812	2.19417	0.0706479	2.25541	2.11834	2.88416	0.120426	1.08579	2.26584	2.61231	2.48758	2.49191	0.0549978	0	1.95233	0.43975	0.583869	2.31736	0.40541	2.35851	1.99581	1.4349	2.34447	1.47751	2.07291	2.42059	0.167023	2.05659	0.769064	0.206075	0.449633	1.59551	1.34117	0.0884494	1.75771	0.609536	0.13649	0.500472	0.356954	0.0318642	0.273685	0	0.109904	0	1
2.30366	0.768014	1.06015	1.45898	1.58642	2.66542	1.62796	1.4393	2.41157	2.42075	2.16804	2.29903	0	0.211733	1.77851	0.122945	0.0540221	2.10625	0.0328659	2.42654	1.98666	1.67321	1.84469	1.58335	2.1635	2.41603	0.797384	1.85651	0.485756	0.540411	0.224992	1.48502	1.01236	0	1.80143	0.337855	0	0.0854461	0	0.119524	0	0	0	0	2
1.56592	1.81531	0.0223895	1.97829	1.82617	2.72778	0.0227949	0.860883	2.69347	2.67786	2.33299	2.22493	0.0134225	0	1.86502	0.558765	0.164294	2.03591	0	2.39266	1.96338	1.50328	2.25569	1.72668	2.08076	2.32121	0.602489	1.88802	0.751901	0.356285	0.255298	1.07004	0.889208	0.0326657	1.82919	0.18053	0	0.0318642	0.146504	0.0451894	0	0.0362629	0	0.266803	1
2.19155	1.13886	0.858862	1.53749	1.68363	2.69304	1.4655	1.30678	2.58345	2.41499	2.11141	2.16901	0	0.0867614	1.77271	0.0754196	0.0286507	2.05789	0	2.47048	2.03728	1.7013	1.79313	1.58406	2.13544	2.3929	0.411036	1.87235	0.721687	0.271746	0.429734	1.43869	0.921838	0	1.85859	0.249175	0.140546	0.0232	0.203801	0.0328659	0	0	0	0.361356	2
1.39969	2.17755	0.247175	1.88287	2.09091	2.85263	0.329026	1.64983	2.88594	2.73081	2.27926	2.36518	0.0215783	0.0101381	1.98976	0.455523	0.0382548	2.25998	0.169742	2.31006	2.04899	1.35861	2.18406	1.04379	2.17765	2.5811	0.155879	1.95449	0.567366	0.884082	0.879484	1.74383	0.885211	0.463808	1.87181	0.0627629	0.184039	0.0897599	0.0975799	0.21125	0	0	0	0	1
1.02721	1.42386	0.0571404	2.04753	1.88317	2.62995	2.11183	0.144231	2.69207	2.48785	2.18652	2.24542	0.0616027	0.00828503	1.82104	0.580224	0.387889	2.09141	0.619975	2.38092	2.10768	1.30011	2.21232	1.82173	2.17569	2.50064	0.43879	1.94629	0.519105	0.927544	0.389301	1.42526	0.844667	0.186868	1.71401	0.228942	0.151899	0.182704	0.0797856	0.0356644	0	0.0191398	0	0	1
1.42739	2.02437	0.144844	1.97044	2.01235	2.64	0.0525565	0.119343	2.74526	2.68253	2.37394	2.27114	0.182537	0.00880018	2.13121	0.514844	0.535222	2.04584	0.039547	2.43831	2.42891	1.74932	2.42832	1.95754	2.18288	2.57872	0.761259	1.95317	0.816698	1.03026	0.550986	1.63314	1.29453	0.456168	1.81013	0.428701	0.356552	0.172199	0	0.0307609	0.411098	0.0486354	0.0549003	0	1
1.58926	1.43067	0.621281	1.85301	2.13379	2.24493	0.0548028	0.659969	1.2648	2.45078	2.36559	2.18542	1.28442	0.142303	2.50229	0.55693	1.18715	2.03999	0	2.54981	2.55062	2.22026	2.55138	2.20406	1.81444	2.52719	1.21299	1.36979	0.598843	0.417856	1.4993	1.10029	1.80095	0.0778901	1.69264	1.73552	0.402014	0.512839	0	0.0549978	2.37444	0	0.566158	0.847465	1
0.657321	2.47737	0.0573349	1.73366	1.91707	2.56714	0.0240098	0.17076	2.8897	2.76632	1.89716	2.47949	0.0483406	0	1.82876	1.0145	0.154324	1.97503	0.0372594	2.29792	1.68926	1.52806	1.82554	1.60149	2.0776	2.65595	0.501134	1.59453	1.47809	0.85971	0.723054	1.76599	1.10454	0.0342663	1.66079	0.671417	0.373496	0.407915	0.0799749	0.0240098	0	0.0191398	0.0430161	0	1
1.03162	2.08685	0.0445972	1.88712	2.11671	2.79205	0.130102	1.64674	2.89473	2.77018	2.28347	2.35559	0.0402419	0	1.91782	0.545925	0.337169	2.1744	0	2.2321	1.7308	1.36799	2.55442	1.4425	2.36547	2.52718	0.316579	2.03501	0.850316	0.873897	0.403651	2.05629	1.29437	0	2.02846	0.214627	0	0.456461	0	0.0546077	0	0	0	0	1
1.5547	2.4121	0.0179179	1.9628	1.89248	2.8968	1.03482	0.186204	2.88951	2.73023	2.38993	2.29295	0.293832	0	1.82584	1.58697	0.237409	2.17963	0.125995	2.301	1.89291	1.39218	2.11488	1.37713	2.34596	2.55096	0.253619	2.08436	0.403147	0.356418	0.536536	1.43723	0.912969	0.270999	1.96756	0.212538	0.15467	0.0382548	0	0.088262	0.0880746	0	0	0	1
1.51013	2.70261	0.0782696	1.8008	1.8376	2.79969	0.0248187	0.0629561	2.83524	2.79439	2.61225	2.43688	0.00725381	0.0338665	1.98528	1.96897	0.419459	2.21645	0	2.32422	2.17525	1.63156	2.44209	1.63818	2.29205	2.68194	0.0555827	1.72417	0.724097	0.685229	0.197923	1.19136	1.26125	0.133835	2.08463	1.22471	0.247483	0.130814	0	0.181033	0	0	0	0.286392	1
1.42783	2.05859	0.0635354	2.325	1.97773	2.78431	0.145631	1.36559	2.71367	2.70886	2.43924	2.25787	0.00849113	0.0292542	2.09048	0.577155	0.430098	2.43954	0.0150599	2.46677	2.36888	1.8008	2.14837	1.70522	2.20778	2.56894	0.643201	1.98648	0.557134	0.240057	0.715218	1.2747	1.30499	0.151899	2.0936	0.219746	0.324155	0.608777	0	0.108625	0	0.0668108	0.0508922	0.176502	1
1.21151	2.04886	0.172453	2.12995	1.94686	2.82243	0.308501	0.0666185	2.61568	2.70827	2.32574	2.36254	1.07069	0.00910912	1.93413	2.22536	0.606307	2.26832	2.3861	2.38274	2.25685	1.52374	1.81308	1.26464	2.13996	2.2779	0.759246	2.02492	0.228469	0.358958	1.14275	1.97765	1.0189	0.108259	1.93284	0.43867	0.214627	0.269952	0.239123	0.281393	0	0	0	0	1
1.00585	2.5945	0.00869718	1.77813	2.14341	2.82859	0.10054	0.624349	2.93305	2.73846	2.54121	2.50125	0.0493229	0.00910912	2.04679	1.39472	0.0777004	2.34172	0.696432	2.45856	2.18022	1.75626	1.95601	1.63072	2.07149	2.57704	0.852628	1.66879	0.681311	0.399109	0.487106	1.47969	1.19387	0.834507	1.99381	0.43855	0.260466	0.0366617	0.524144	0.0264343	0	0	0	0.164294	1
1.02021	2.13746	0	1.86586	1.96195	2.9726	0.0286507	1.25328	2.59694	2.27247	2.00455	2.33654	0.00849113	0	1.7808	0.763795	0.347667	2.20695	0	2.12797	1.73835	1.04971	1.65424	1.42258	2.21685	2.5264	0.231618	1.99532	0.764626	0.849456	0.0569459	2.0293	1.05968	0.0207662	1.74466	0.355615	0.232089	0.0876996	0.0953531	0.0144463	0.303068	0	0	0	1
1.10763	2.09503	0.0561672	1.76959	1.7709	2.86931	1.34222	1.35387	2.73995	2.49239	2.27371	2.2235	0.00746015	0	1.77891	0.960665	0.0845054	2.09041	0.190184	2.3154	2.15485	1.09322	1.56191	1.41927	2.24701	2.50408	0.205589	2.02453	0.549234	0.783596	0.21623	1.14181	0.926019	0.0704565	1.79497	0.104224	0.0565566	0.714486	0.15984	0.0966528	0	0	0	0	1
1.32678	1.26016	0.257582	1.71362	1.664	2.84183	0.220862	0.222771	2.17343	2.71659	2.4074	2.34617	0.0710307	0.0824319	2.09235	0.178854	0.0704565	2.08671	0.229888	2.3284	2.08845	1.37508	2.05477	1.59429	2.10597	2.50406	0.173467	1.79104	0.458568	1.12527	0.209475	1.2756	1.26709	0	1.84272	0	0.24856	0.787836	0	0	0.188362	0.0648857	0	0.433974	1
1.61233	2.68606	0.0320646	2.30544	1.77419	2.92469	0	2.01204	2.5946	2.67802	2.50733	2.43022	0.0567513	0.0225922	1.73781	0.530525	0.270999	2.49625	0	2.35026	1.79137	1.70399	2.20659	1.52816	2.31128	2.49337	0.314037	1.91646	0.620628	1.0028	0.38131	1.48983	1.41886	0	1.95225	0.768989	0.140722	0.966025	0.366526	0.206886	0	0.0518716	0	0	1
1.73193	1.85258	0.148249	2.08672	2.18824	2.91075	0.110451	0.22689	2.36156	2.77386	2.54666	2.39806	0	0.00890317	1.96046	0.917746	0.483952	2.30053	0.0136273	2.35837	2.15193	1.68863	1.99653	1.34157	2.2771	2.51585	0.559274	2.00644	0.257582	0.220384	0.188528	1.64006	1.03473	0.0893857	2.03303	0.106977	0.211088	0.0360635	0.235067	0.0633423	0	0.0207662	0	0	1
1.26943	2.22839	0.31672	1.81371	1.96478	2.7805	0.0756099	0.172453	2.7024	2.8	2.61066	2.32346	0.0183254	0	1.92557	0.381439	0.237877	2.20431	0.0162859	2.25593	2.23434	1.73462	2.45437	2.1359	2.02189	2.37676	0.81614	2.04154	0.441546	0.53559	0.260466	1.60718	1.20821	0	2.11521	0.716436	0.1022	0.17919	0.193981	0.459736	0	0	0	0	1
0.711796	2.57009	0.0897599	1.65352	2.19102	2.90221	0.811238	0.263037	2.65084	2.81506	2.66115	2.41454	0.0258288	0	1.90914	0.916853	0.22118	2.35248	0.743541	2.25046	2.01556	1.55084	2.19295	1.52021	2.20903	2.60092	0.0495192	1.75423	0.686163	0.633473	0.415011	1.01323	1.47896	0.173805	1.91224	1.08172	0.141073	0.266352	0.141776	0.0221868	0.105143	0.101093	0	0	1
0.987328	2.2558	0.131348	2.08802	2.0764	2.8381	1.02442	0.819897	2.85009	2.66122	2.23908	2.38817	0.146155	0.0209693	2.00184	1.37245	0.125816	2.25581	0.135252	2.307	2.09646	1.61018	1.67164	1.66391	2.20745	2.41145	0.245015	1.91972	0.668725	0.199233	0.716354	1.5961	1.15386	0.40012	1.85375	0.415878	0.161727	0.15898	0.191507	0.130102	0.505532	0.0246165	0.0548028	0	1
1.44635	1.67545	0.0673875	2.18473	2.20868	2.93544	0.261677	0.189688	2.75437	2.8244	2.47332	2.3273	0.026636	0.099246	1.89199	0.20802	0.582787	2.3265	0.0316637	2.37747	1.87755	1.51864	1.83279	1.8087	2.12829	2.54102	0.29296	1.84643	1.20153	0.777333	0.564241	1.60766	1.22689	0.0432139	2.06726	1.2306	0.0675797	0.157087	0	0.262433	0	0	0	0	1
1.48329	2.12094	0.0203599	2.06946	2.07732	2.84155	0.221658	0.173129	2.71774	2.74199	2.25752	2.41616	0.0183254	0	2.07078	1.78331	0.196283	2.15714	0.843464	2.33272	2.09318	1.49391	1.9735	1.68508	2.13607	2.61396	0.248868	1.94392	0.400878	0.455758	0.564544	1.6418	1.07037	0.945948	1.91051	0.421795	0.0696903	0	0.194804	0.0312626	0.269353	0	0	0	1
1.70399	2.23523	0.318972	1.69947	1.82883	2.61735	1.66567	0.962106	2.3082	2.44779	1.96232	2.43055	0	0.156742	1.88982	0.212377	0.0270393	2.16581	0	2.28413	2.56832	1.29073	1.44494	1.15538	1.9645	2.54543	0.475892	2.25923	0.23036	0.534011	0.277845	1.03923	0.678572	0	1.5237	0	0.0691152	0.0217811	0	0.031062	0	0	0	0	1
1.02392	2.27773	0.255603	1.86865	1.96875	2.62713	0.440708	0.207048	2.82185	2.73342	2.41975	2.33352	0.0475539	0.381698	2.05258	1.00446	0.0528498	2.20838	0	2.22073	2.19746	1.28211	1.40678	1.39847	2.11869	2.64743	0.0905078	2.15668	0.285219	0.451405	0.443576	0.8444	0.611617	0.299617	1.45293	0.0863858	0.210443	0.0430161	0.347938	0	0	0	0.0725599	0.244397	1
1.38883	2.15366	0.0304598	1.94307	1.78902	2.83874	0.023605	1.2592	2.83558	2.60447	2.33728	2.31994	0.0207662	0.0320646	1.81664	0.436868	0.168893	2.1485	0	2.34101	1.81372	1.44556	1.75628	1.37776	2.15993	2.48118	0.149467	1.93455	0.371267	0.752363	0.188694	1.18055	0.762282	0.334418	1.74428	0.618293	0.0530453	0.0489301	0	0.023605	0.11191	0.0374586	0	0	1
1.68143	2.23681	0.473605	2.26983	1.94964	2.87618	0.445243	1.62571	2.80734	2.72273	2.59936	2.4713	0	0.0650784	2.10536	0.577651	0.0420264	2.22046	0.639489	2.43758	2.08116	1.69715	2.26717	1.98202	2.09464	2.45505	0.428883	1.94964	0.792048	0.296585	0.563331	1.39339	1.06768	0.21783	1.92939	0.191342	0.154497	0.14318	0.155361	0.0244143	0	0	0	0.281836	1
1.42576	2.13359	0.153286	1.93046	1.92935	2.80144	0.241144	0.183205	2.69008	2.6219	2.25032	2.51553	0.0489301	0	2.1372	0.425958	0.449396	2.10246	0	2.48815	1.91316	1.61254	2.19435	1.22875	2.06381	2.6644	0.873131	1.71273	0.736571	0.401257	0.453643	1.97648	1.1768	0	2.11304	0.892003	0.415754	0.212377	0.136844	0.0822432	0	0.0338665	0.074658	0	1
1.16566	2.25121	0.124202	1.79726	1.58659	2.71411	1.34484	0.24254	2.94337	2.34353	2.26897	2.33132	0.171607	0.619508	1.9827	0.887275	0.447501	2.13616	0.0520673	2.43962	2.28032	1.52462	1.85226	1.60186	2.10587	2.49763	0.702835	2.00056	0.630628	0.642388	1.3228	1.55255	1.06582	0.21607	1.88382	0.633289	0.0382548	0.436266	0.295282	0.184206	0.582984	0.0530453	0	0.368637	1
1.58413	1.72535	0.925403	2.23752	2.16381	2.82167	0.158636	1.71843	2.25203	2.6388	2.21593	2.57315	0.0104465	0.0272409	2.27992	1.83067	0.544836	2.1903	0	2.36295	2.09692	1.93128	2.26018	1.80865	2.08549	2.80838	0.688449	2.00557	0.427422	0.33297	0.46433	1.24385	1.16613	0.0128076	1.44329	0.536116	0.0876996	0.112183	0.115363	0.378519	0.491477	0.0281475	0.0476523	0	1
1.12485	2.59643	0.0845054	1.96107	2.17277	2.9092	0.0298572	0.882763	2.81702	2.67926	2.32689	2.38954	0.0845054	0.0406388	1.75435	0.967509	0.0758002	2.31583	0.0312626	2.20999	1.85742	1.5415	2.08808	1.4336	2.31113	2.46445	0.128319	1.77647	0.937016	1.09286	0.483161	1.75315	1.20785	0	1.78152	1.51009	0.186204	0.878725	0	0.0298572	0	0	0	0	1
1.24631	1.21676	1.56605	1.69361	2.15051	2.35737	1.36888	1.31627	2.05801	2.42753	2.1785	2.07158	0.79212	0.352392	2.41739	0.440469	0.762888	2.03928	0.0503041	2.56013	2.46028	2.27644	2.63685	2.32313	1.70669	2.3391	1.38683	1.5906	0.337306	0.886338	0.956823	1.54831	1.9179	0.0683478	1.89681	1.46253	0.493263	1.51393	0.992091	0.048144	2.5685	0	0.601339	0	1
1.19673	2.00539	0	1.9256	1.96954	2.81703	0	1.72265	2.85069	2.79694	2.52635	2.37562	0.00952086	0	1.98441	0.716679	0.284338	2.15138	0.625554	2.28953	2.02709	1.29279	2.27976	1.47082	2.1112	2.58052	0	1.99553	0.470852	0.37061	0.585734	1.92241	1.1607	0.206075	1.83503	0.642026	0.136844	0.0656563	0	0	0.148597	0	0	0	1
1.19383	2.22496	0.0400434	1.42972	1.92393	2.85846	0.0225922	0.111363	2.93202	2.84212	2.44883	2.42855	0.00663447	0.0384537	1.75445	1.70726	0.14633	2.21311	0.0467665	2.40327	2.05961	1.23265	1.72298	0.653151	1.64197	2.57754	0.0752293	1.9175	0.276955	0.990455	0.167193	1.57368	0.702669	0.4273	1.51216	0	0.208182	0.0394476	0.46855	0.0338665	0	0.0181216	0.0406388	0	1
1.21155	2.37102	0.0328659	1.66303	2.02015	2.7706	0.458802	0.630077	2.87115	2.65283	2.43695	2.3195	0.340183	0.0544126	2.06561	1.44771	0.380143	2.14171	1.48532	2.29618	1.90281	1.60939	2.30756	1.44285	2.10493	2.48178	0.700182	1.85914	0.608588	0.177679	0.713346	1.17372	1.16774	0.637307	2.10711	0.896326	0.130636	0.55222	0.131348	0.292379	0.0972092	0	0	0	1
1.15928	2.48921	0.112092	2.44674	2.10659	2.9016	0.0903209	1.89822	2.64151	2.65784	2.2078	2.50322	0.00787269	0.00931501	2.00222	0.0694986	0.581704	2.34419	0.0280468	2.33134	1.98865	1.49383	2.24784	1.45885	2.13092	2.6984	0.329442	1.51674	0.62184	0.837349	0.323317	1.72373	1.24689	0	1.92427	0.540724	0.169063	0.246713	0.372185	0	0.126532	0	0.048144	0.167363	1
1.16785	2.06574	0.0187327	1.30893	1.85877	2.79024	0.449987	0.0951673	2.94222	2.68067	2.47024	2.43556	0.0654637	0.0132176	2.01035	1.37863	0.0805425	2.14386	0.0201566	2.38021	1.90647	1.43963	2.39581	1.65268	2.23875	2.6602	0.325271	1.8044	0.675909	1.01627	1.53967	1.67226	1.02357	2.15902	1.85129	0.340593	0.264093	0.0134225	0	0.0563619	0	0.0598594	0	0	1
2.5754	0.742059	0.939549	1.3695	1.58718	2.65485	0.88927	1.60726	2.33089	2.62801	2.25458	2.08956	0	0.255603	1.81949	0.0949814	0	2.1637	0	2.49012	1.99164	1.71062	1.89776	1.47926	2.12879	2.4963	0.693166	1.8227	0.359225	0	0.958441	1.5642	1.08898	0.241299	1.65325	0.40754	0	1.00436	0	0.0473571	0	0	0	0	2
1.34656	1.74389	0.0252229	2.19693	2.01999	2.89294	0	0.444648	2.70492	2.89532	2.37475	2.3235	0	0	2.00101	0.0453867	0.237565	2.19475	0.618854	2.57438	2.22463	1.64743	2.37735	1.37319	2.1634	2.6078	0.378324	1.83401	0.822182	0.31248	0.253925	0.999323	1.07658	1.10428	1.76003	0.107344	0.16361	0	0	0.0260307	0	0	0.0905078	0	1
0.540933	2.56424	0.0262325	1.68754	2.01437	2.92008	0	0.535064	3.01551	2.76119	2.41804	2.45873	0.34604	0.0408372	1.91679	0.758027	0.27085	2.22905	0	2.12275	2.07565	1.41255	2.55221	1.34142	2.12169	2.54383	0.0884494	1.5181	0.906098	1.31194	0.344818	1.81382	0.971285	0.0839404	1.79255	0.892808	0.399109	0.466819	0.243005	0.0201566	0.0966528	0	0	0.23959	1
1.07954	2.66789	0.104959	2.19023	2.12948	2.85293	0.880747	1.92024	2.55242	2.64212	2.56547	2.3653	0.00663447	0.0154688	2.10102	1.11952	0.448449	2.38799	0	2.43202	1.94936	1.5652	2.13589	1.54402	2.09474	2.6396	0.464967	1.79481	0.459269	0.483387	0.533695	1.62429	1.29826	0.0635354	2.07384	1.2093	0.187201	1.40244	0.268004	0.238033	0.497929	0	0	0	1
1.1995	2.28549	1.11982	1.8293	1.72103	2.77965	1.92407	0.193651	2.76146	2.79931	2.5622	2.36465	0.0181216	0.174311	1.84578	1.09858	0.172791	2.06133	1.33313	2.29978	2.23147	1.51754	1.99518	1.52804	2.15352	2.48394	0.550574	1.86769	0.658116	0	0.295572	1.35039	1.45734	0.125995	2.01284	0.957326	0	0.324574	0	0.0608283	0.144581	0	0	0.34441	1
1.57564	2.0379	0.117355	1.94646	2.42811	2.86123	0.625183	0.727856	2.84669	2.66993	2.26661	2.46674	0.00477375	0.0738956	2.12238	1.47372	0.0801641	2.29714	0.194639	2.44701	2.20591	1.74651	2.18798	1.18636	2.276	2.53714	0.577552	1.74221	0.89688	0	0.564039	2.03497	1.30902	0.0880746	1.85696	0.187533	0.196283	0.0440047	0	0.0471603	0	0	0	0	1
0.713916	2.25722	0.346583	2.13715	1.9397	2.77514	0	0.0304598	2.68809	2.91024	2.5931	2.39562	0.152766	0	2.18586	0.827757	0.21815	2.25374	0	2.36171	2.11569	1.65237	2.42248	1.74115	1.98877	2.62394	0.479535	1.9615	1.04596	1.07726	0.347802	0.921246	0.758789	0	2.08186	0.142829	0.215429	0.0248187	0	0.0689234	0.162412	0	0.120786	0	1
1.21457	2.23123	0.432281	1.97198	1.99814	2.79881	0.890141	0.148945	2.85978	2.72897	2.57479	2.34679	0.0534362	0.0099324	2.09037	0.975362	0.34509	2.11431	0	2.33194	2.03333	1.39755	2.19174	1.64691	2.3766	2.56353	0.387889	1.87311	0.600284	0.186536	0.324155	1.75615	1.28986	0.169403	1.79747	0.0608283	0.0639214	0.0396463	0.179357	0.0286507	0	0	0	0	1
0.898845	2.41322	0.0229975	2.0978	1.9948	2.99631	0.762585	0.657763	2.81059	2.71141	2.45133	2.36457	0.0308613	0.0242121	2.06349	1.07401	0.287564	2.37675	0.169403	2.27104	2.23232	1.54895	2.14357	1.6301	2.35071	2.7259	0.852958	1.76499	0.783963	0.288734	0.310066	1.61008	1.4273	0.927778	2.11028	0.802605	0.38596	0.361223	0.643562	0.101647	0	0.0555827	0	0.636487	1
0.505422	2.5402	1.31844	2.00745	2.01337	2.91866	0.0250208	0.141601	2.63514	2.80223	2.65976	2.43278	0.22689	0	1.77457	1.55533	0.230989	2.34567	0.0763707	2.46232	2.36785	1.41832	1.82298	1.7785	1.75575	2.54169	0.29136	1.80762	0.399615	0.864129	0.333315	0.749589	1.00801	0	1.68355	0.279473	0.291797	0.17667	0.59324	0	0.3967	0.0778901	0	0	1
0.757265	2.66922	0.149641	2.25974	1.69772	2.89887	0.182871	0.284925	2.70512	2.59632	2.3914	2.32205	0.0316637	0.0420264	1.95358	1.13631	0.419089	2.17618	0.190515	2.2565	1.98183	1.33744	2.03925	1.50934	2.18163	2.50702	0.455406	1.71682	0.811519	0.703083	0.394666	1.96884	1.29694	0.0442022	1.79465	0.740183	0.0691152	0.834846	0	0.0156732	0.144406	0.0723689	0	0	1
1.63764	1.85671	0.083375	1.60363	1.65148	2.69877	1.72965	0.584753	2.78321	2.48864	2.21713	2.22283	0.00787269	0.0534362	1.97349	0.234127	0.27651	2.03294	2.15567	2.41518	2.15635	1.64384	1.83423	1.59788	2.03565	2.46056	1.04659	1.95042	0.652794	0.225625	1.68146	1.15142	1.60092	0.291068	1.99898	0.761145	0.0594715	0	0	0.170421	0.233657	0.0420264	0	0	1
1.59949	2.28492	0.0424224	2.01024	1.91413	2.80836	0.0434117	0	2.62876	2.5838	2.36104	2.28022	0	0.0300581	1.80445	1.22682	0.0380558	2.21763	0.339499	2.4193	2.12725	1.4847	1.67963	1.13453	2.19667	2.51	0.0962817	1.96092	0.648328	0.761373	0.992355	2.15096	1.18851	0	1.61215	0.43915	0.182871	0.169572	0	0	0	0	0	0	1
1.30684	1.7865	0.0362629	1.95002	2.24102	2.9901	0.119163	0.0708393	2.73903	2.75383	2.48859	2.46434	0.0041526	0	1.95743	1.77415	0.281246	2.29542	0	2.25137	2.09849	1.42673	2.16442	1.29319	2.27059	2.64402	0.341276	2.04663	0.535169	0.565956	0.942071	1.81026	0.943785	0.480557	2.0592	1.75587	0.201847	0.248714	0.17667	0.0816767	0	0	0.0501079	0	1
1.90389	1.37982	0.0524586	1.85501	1.89998	2.62027	0.485305	0.409789	2.62853	2.80726	2.34253	2.44851	0.00477375	0.0113712	2.08663	1.36407	0.411907	1.96891	0.213664	2.45958	1.97764	1.94732	2.23508	1.65202	2.26524	2.59623	0.534959	2.00603	0.415507	0.0763707	0.543953	1.8708	1.30793	0.330689	1.96478	0.13348	0.231146	0.196776	0.10771	0.0946095	0.0794068	0	0	0	1
1.64853	2.09215	0.283897	2.00332	1.92828	2.92918	0.954529	1.06921	2.77092	2.57598	2.46096	2.34388	0	0.0756099	1.87293	1.06879	0.650029	2.23905	0.468896	2.30233	1.80233	1.36526	2.35262	1.51096	2.19401	2.4272	0.277845	1.79566	0.606783	0.501686	0.515871	1.86579	1.16437	0.0794068	1.9585	0.39186	0.122945	0.530419	0.448686	0.836538	0	0	0	0	1
2.35163	1.04505	1.21183	1.47807	1.74639	2.66737	1.27826	1.56844	2.42953	2.56897	2.22196	2.19732	0	0.452466	1.79501	0.589351	0.0737049	2.06301	0.030259	2.47467	2.0558	1.6603	1.85496	1.62346	2.17841	2.47963	0.949406	1.83207	0.43807	0.13117	1.43364	1.71829	1.17857	0.118621	1.74541	0.472689	0	0.321778	0	0.0290531	0.136137	0	0	0	2
1.81135	2.14963	0.0612156	1.93126	2.03541	2.74191	0.424736	1.29826	2.63482	2.63516	2.23634	2.46524	0.00807889	0	2.06367	0.163952	0.154843	2.16511	0	2.23403	1.90738	1.64759	1.81097	1.5178	2.19646	2.635	0.222294	2.06965	0.400626	0.327777	0.233657	1.33062	0.810886	0.112638	1.57302	0.113365	0.172453	0.0193432	0	0.0799749	0	0	0.0955389	0	1
1.45659	2.13367	0.22768	2.15394	2.02039	2.75102	0.772429	1.19769	2.54206	2.55573	2.34895	2.25047	0.489911	0.229415	1.99872	0.693921	0.519213	2.09238	1.1527	2.44912	2.19886	1.72431	2.17691	1.79067	2.078	2.4172	0.376501	1.92445	0.497375	1.00244	0.563635	1.28179	1.3063	0.204452	1.96103	0.890389	0.103857	0.17296	0.197104	0.120065	0	0.0499117	0	0	1
1.78095	1.33941	0.180363	1.29632	1.71417	2.71513	1.21865	0.754818	2.63518	2.4969	2.17009	2.165	0	0.0512841	1.77643	1.66269	0.426813	2.12094	0	2.45634	1.93993	1.54269	1.81394	1.62467	2.19669	2.50391	0.741981	1.89464	0.70068	0.387761	1.95143	1.576	1.16969	1.23925	2.02686	1.17814	0.160527	1.16785	0.161384	0.224992	0	0	0	0.291942	1
1.56376	1.90225	0.114637	2.02534	2.01243	2.85192	0.123664	0.509685	2.95852	2.66352	2.3338	2.38453	0	0	1.96595	0.715705	0.597687	2.18926	0.0229975	2.27198	1.86734	1.48434	2.36469	1.53092	2.15194	2.50168	0.221339	1.66348	0.717732	0.472345	0.272194	1.60725	1.05732	0.656878	1.83116	0.491254	0.182036	0.253314	0	0.0434117	0.28036	0	0	0.257278	1
0.2707	2.53265	0.900131	2.03323	2.17405	2.89311	1.38394	0.190515	2.4646	2.65111	2.57783	2.47724	0.0152644	0.0119871	2.15804	0.661114	0.166852	2.29513	0.0183254	2.31763	1.96954	1.64039	1.97277	1.6996	2.28037	2.7899	0	1.47348	1.17699	0.537585	0.305932	1.95036	1.38135	0.25986	1.8376	0.365733	0.243624	0.048144	0.113911	0.034666	0.160527	0	0.0617962	0.210927	1
0.866585	2.23571	0.528829	1.84155	1.92601	2.89259	0	0.193981	2.34426	2.52871	2.52319	2.55101	0	0.0822432	1.65518	1.67117	0.688618	2.29494	0.145106	2.21227	1.6298	1.32862	1.94611	1.92406	2.08283	2.57338	0.203639	1.61395	0.593046	0.733969	0.317143	1.94969	1.29487	0.0356644	1.92846	0.912849	0.108259	0.536116	0.158464	0.139666	0	0	0	0	1
2.3619	1.0577	1.30484	1.40776	1.65439	2.70625	1.71831	1.63589	2.4882	2.38058	2.13784	2.19182	0	0.39543	1.78981	0.365203	0.0594715	2.05699	0	2.47075	2.05331	1.90551	1.77052	1.46937	2.19856	2.43475	0.763342	1.7706	0.48067	0.155016	1.29998	1.93059	1.11328	0.396065	1.87157	0.679772	0.0773207	0.217511	0	0.217511	0.295137	0	0	0.378454	2
1.19573	2.59138	0.174986	1.96143	2.14218	2.88221	1.7396	0.288149	2.76343	2.44794	2.28327	2.39479	0.0503041	0.0725599	2.15545	0.404279	1.04214	2.27422	0.0668108	2.29977	2.13918	1.61689	2.0278	1.53265	2.37853	2.69406	0.393775	1.79685	0.986371	0.795658	0.356418	1.68248	1.43949	0.627957	2.01112	0.815861	0.0493229	0.528086	0	0.123664	0.279621	0.034666	0	0.450342	1
1.46831	2.4421	0.47372	1.49747	1.89455	2.84531	1.13977	1.35117	2.99787	2.49373	2.16527	2.30184	0.169912	0.0752293	1.62404	1.64371	0.195462	2.33995	0.609062	2.1133	1.89911	1.17569	1.83641	1.25238	2.08903	2.3953	0.495044	1.62145	0.724017	0.354139	0.225941	1.46598	1.13931	0.0637284	1.83384	0.765606	0.144756	0.962881	0	0.0664262	0.203476	0.0706479	0	0	1
1.9988	2.19764	0.212538	1.41617	1.62226	2.75112	0.851044	0.717975	2.68671	2.57109	2.19801	2.24346	0.00642792	0.0148554	1.83391	1.67092	0.0372594	2.06638	2.09119	2.49728	1.94004	1.48849	1.82099	1.33675	2.08478	2.42923	0.624905	1.89516	0.422164	0.406162	0.977472	1.57869	0.970357	1.72745	1.9066	0.432523	0.179525	0.3656	0.138961	0.194804	0	0.0342663	0	0	1
1.70736	1.01256	0.722572	1.62397	1.80756	2.68781	1.20592	0.981133	2.58165	2.45703	2.09095	2.17952	0.18637	0.0240098	1.80697	1.84045	0.4956	2.09603	2.13781	2.48618	2.05887	1.6719	1.83653	1.50726	2.19225	2.40061	1.0096	1.86228	0.612844	0	1.43417	1.53852	1.25392	1.1002	1.99995	0.683529	0.0780799	0.4917	0	0.162241	0	0	0	0	1
2.28617	0.658999	1.04669	1.56318	1.73218	2.6444	1.58966	1.6251	2.38592	2.41538	2.13904	2.1929	0	0.371529	1.87221	0.15242	0.099431	2.05672	0.0412337	2.45809	2.06748	1.70898	1.89396	1.70955	2.0897	2.46675	0.762888	1.88158	0.541141	0.318691	0.341685	1.61619	1.21223	0.0563619	1.87314	0.505751	0.23959	0.396827	0	0	0.329304	0	0	0.419828	2
0.898416	1.84491	0.88226	1.88186	1.89442	2.72666	1.04558	0.182537	2.88785	2.73161	2.32165	2.28187	0.0596655	0.00849113	1.93666	0.985572	0.24223	2.08818	0.0979504	2.20851	2.3947	1.49322	1.98867	1.76707	2.19807	2.5397	0.446907	1.97634	0.559579	0.447856	0.234127	1.13882	1.09442	1.04122	1.85078	0.311203	0.0812988	0.158464	0.224199	0.178686	0	0	0	0	1
2.07065	1.6962	0.730403	1.51724	1.58239	2.63056	1.49728	1.13997	2.62649	2.43995	2.12207	2.26739	0	0.19907	1.75082	0.25606	0.074658	1.96019	0.169233	2.41783	2.29769	1.61502	1.81583	1.87385	1.95771	2.39619	0.564241	1.87365	0.497708	0.346718	0.230045	1.5351	1.00585	0	1.68917	0.2261	0.0658488	0.0207662	0	0.0579182	0	0.0465695	0	0	1
1.21299	1.50636	0.0829979	2.13674	2.20314	2.94593	0.271746	0.204614	2.72157	2.93479	2.5822	2.46182	0.0604409	0.0181216	2.14162	2.18561	0.987328	2.25128	0.027644	2.35782	1.72572	1.74476	2.38507	1.65911	1.93304	2.58124	0.421058	1.83654	1.18527	0.542184	0.724178	1.64836	1.04059	0.0376577	2.25168	0.109173	0.345633	0.0891985	0.305932	0.0520673	0	0	0	0	1
1.40093	1.98298	0.181534	2.07526	1.98972	2.82469	0.369427	1.3886	2.76313	2.57805	2.27536	2.3355	0.0334664	0.189688	2.00607	0.777481	0.330551	2.27995	0.862248	2.42702	1.97104	1.65755	2.03537	1.52851	2.17155	2.49265	0.295717	1.76963	0.405284	0.619041	0.410538	1.78719	1.17198	0.153113	2.05938	0.653684	0.0846936	0.627957	0.232873	0.264997	0.175154	0	0	0.407665	1
1.3749	2.43637	0.10054	2.1206	1.92955	2.92711	0.443695	0.691654	2.8028	2.7502	2.23821	2.3506	0.0822432	0.0221868	2.03475	0.471427	0.344954	2.32144	0	2.38845	2.01085	1.66321	2.02661	1.39649	2.42488	2.50255	0.19907	1.89459	0.813624	1.13412	0.0996158	1.34256	1.12707	0.243779	2.12191	0.940467	0.138256	0.203313	0	0.0933066	0	0	0	0	1
1.32626	2.66359	0.225467	2.26905	2.22445	2.98817	0.0324654	1.56094	2.64323	2.78867	2.52896	2.47452	0.0516758	0.0111658	1.91379	0.939204	0.120786	2.32256	1.43881	2.24209	2.03839	1.42049	1.83189	1.31932	2.0599	2.57805	0.361489	1.85514	0.836944	0.14598	0.487106	1.49219	0.996347	0.0463725	1.8879	0.299041	0.13949	0.139138	0.555602	0.123484	0	0	0	0	1
1.36477	2.21492	0.0660413	1.95888	2.12732	2.86043	0.0510882	0.362685	2.61168	2.60048	2.30912	2.37477	0.930814	0.0352652	2.16122	1.14536	0.393265	2.16017	0	2.36387	2.0242	1.74702	1.91058	1.83718	1.89104	2.57354	0.378844	1.82151	0.910266	0.221499	0.34264	1.44849	1.3579	0	1.95295	0.364276	0.451287	0.19694	0	0	0.551192	0	0	0.512622	1
2.43387	0.817604	1.18029	1.33772	1.70767	2.55093	1.19584	1.72807	2.21852	2.43019	2.21501	2.19365	0	0.425592	1.89994	0.23491	0	2.1521	0.0518716	2.49409	2.09871	1.99259	1.84222	1.60577	2.11183	2.59322	0.71538	1.76856	0.382604	0.384929	0.216391	1.35536	1.11117	0.0704565	1.57832	0.355079	0.109538	0.721848	0	0	0.538842	0	0	0	2
2.25231	1.18063	0.576361	1.30405	1.63175	2.62041	1.04837	1.61747	2.46112	2.52392	2.11894	2.26309	0	0	1.85628	0.141952	0	2.12816	0.0246165	2.35898	1.98392	1.52983	1.32263	1.37731	2.04526	2.6111	0.383509	1.90571	0.581802	0.107344	0.261223	1.2596	0.653951	0.0970237	1.36099	0	0.149293	0.0643073	0	0.0463725	0	0	0	0.27294	2
1.27122	2.24281	0.116088	2.01334	1.91054	2.84883	0	1.35231	2.6847	2.73507	2.44566	2.54275	0	0.0234025	2.07776	0.0594715	0.485756	2.14351	0	2.3046	2.00939	1.80163	1.91005	1.9021	2.2714	2.72991	0.862053	1.88628	1.05747	0.280803	0.504216	1.69817	1.54668	0.0946095	2.03847	0.257734	0.661554	0.603636	0.210927	0.0340664	0	0.0538269	0	0	1
1.52484	2.28104	0.183706	1.28735	1.51078	2.78102	0.828579	0.449751	2.56686	2.38788	2.0863	2.16255	0.0579182	0.052263	1.69941	2.26028	0.352257	2.19226	2.53441	2.41864	1.83605	1.38584	1.85738	1.39316	2.10496	2.22832	0.764777	1.74676	0.430584	0.139666	0.250711	1.82518	1.04432	1.57179	2.02644	1.01139	0.102016	0.429248	0	0.183872	0.467512	0	0	0.34509	1
1.20691	2.43993	0.0207662	1.94176	2.08617	2.88092	1.48215	0.740652	2.54301	2.44626	2.28365	2.24854	0.0248187	0.0843171	2.03889	0.742371	0.347396	2.20791	0.760994	2.24162	2.36397	1.25402	2.0481	1.50054	2.14533	2.46686	0.177175	1.9093	0.459852	0.402014	0.546754	1.4008	1.26198	0.0600533	2.14335	0.770711	0.0479473	0.809196	0	0.319113	0.347531	0.0338665	0	0	1
2.26819	1.12088	0.784256	1.50993	1.6876	2.70446	1.57222	1.59837	2.49246	2.32596	2.1148	2.20521	0	0.484967	1.82865	0.146504	0.207858	2.16793	0	2.44538	2.08105	1.69431	1.81761	1.69801	2.20335	2.44356	0.430584	1.85468	0.548408	0.348885	0.655549	1.66096	1.20687	0.0318642	1.90119	0.79212	0.0501079	0.118079	0	0.0442022	0.200214	0	0	0	2
1.35508	1.4768	0.256213	1.91435	1.89396	2.56779	2.09624	0.386346	2.46442	2.47651	2.17713	2.19294	0.372972	0.874662	2.14357	0.244861	0.574422	2.00046	0	2.36666	2.57338	1.79871	2.20655	2.11246	2.17415	2.58691	1.08974	2.1828	0.447263	0.405347	1.44572	1.42734	1.4805	0.0342663	1.82505	0.700763	0.0894793	0.35528	0.166512	0.12823	0.11382	0.0192415	0.0430161	0	1
1.54929	2.25227	0.104408	2.08555	1.92244	2.78968	0.263791	0.252855	2.90611	2.7631	2.51682	2.39661	0.102568	0	1.96167	0.930057	0.398855	2.24927	0	2.37978	1.94762	1.60494	2.3645	1.35798	2.20601	2.34361	0.13117	1.99477	0.614069	0.726818	1.04185	1.68229	0.860231	0.198087	1.84025	0.233971	0.131348	0.306361	0.191011	0.0600533	0.142829	0	0	0	1
1.32145	2.50509	0.17296	2.32486	2.20266	2.88533	0.220862	0.804596	2.78379	2.66349	2.38196	2.42378	0.032265	0.0557776	2.04178	0.726898	0.156052	2.34113	0	2.3503	2.22502	1.49504	2.27813	1.66986	2.17903	2.61546	0.271447	1.56765	0.89355	0.681824	0.36109	1.68106	1.12168	0.0773207	1.71879	0.383509	0.173805	0.0386526	0.543537	0.027644	0	0	0	0.537166	1
1.20278	2.31755	0.100909	1.8763	1.57236	2.71131	0.262584	0.432281	2.40852	2.65549	2.29559	2.31483	0.0238074	0.118079	1.95465	2.19661	0.205751	2.23888	0.793711	2.37891	2.17774	1.5519	2.22302	1.21715	2.20546	2.39846	0.310208	1.89527	0.542913	0.724338	0.378974	1.46325	1.32362	0.0573349	1.81295	0.232873	0.0459783	0.357756	0.131526	0.150858	0	0	0	0	1
1.23217	1.77845	0.539993	1.99745	2.35704	3.05232	0.252702	0.783963	2.79647	2.68345	2.40409	2.42211	0.00622133	0	2.04623	1.01267	0.0704565	2.14497	0	2.21773	1.82373	1.5967	1.86407	1.59286	2.14638	2.49284	0.211894	2.18619	0.403525	0.454819	0.285219	1.46011	1.21043	0.0865736	1.97964	0.237877	0.173973	1.05172	0	0.0612156	0	0	0	0	1
2.28734	1.0451	0.853287	1.48339	1.71723	2.62883	1.36486	1.47313	2.30346	2.36534	2.16298	2.18045	0.00518759	0.408291	1.88522	0.708521	0.103121	2.10124	0	2.49533	2.09348	1.72402	1.82255	1.72809	2.12927	2.50716	0.709751	1.81012	0.362286	0.626664	1.11718	1.32362	1.22004	0.476234	1.83404	0.620721	0	0.802034	0.217671	0.0693069	0.0856341	0	0	0.521897	2
1.55641	1.87321	0.269503	1.71813	1.98352	2.64931	0.348885	0.325829	2.41884	2.46254	2.27255	2.32287	0	0.071222	1.88835	0.985146	0.151205	2.08352	0.70391	2.36696	2.12232	1.41671	1.84235	1.56579	2.17224	2.58162	0.30736	1.79334	0.446789	0.71943	0.68718	1.94844	1.21861	0.2656	1.779	1.11726	0.264244	0.69157	0	0.313613	0	0.0828093	0.0933066	0	1
0.802533	2.70077	0.0455839	2.08084	1.89733	2.76628	2.37819	1.77194	2.67687	2.49751	2.18381	2.36787	0.0126026	0.207696	2.08374	0.0809208	0.247021	2.30537	0.560595	2.47369	2.32125	1.7339	2.05806	1.46738	2.27328	2.45404	0.252702	2.06554	0.380402	0.499368	0.337306	1.39311	1.10454	0.0788384	1.88653	0.390069	0.322478	0.293977	0.178015	0.0142416	0.0691152	0.10771	0	0	1
1.01042	1.98028	0.0132176	1.47197	2.09374	2.85609	0.149815	0.0459783	2.7672	2.91835	2.46344	2.29315	0.00394545	0	1.84953	1.2512	0.0350655	2.24129	0.0946095	2.46947	2.16623	1.51459	1.9984	1.27573	2.3311	2.62724	0.19431	2.15804	0.408666	0.722492	0.324155	1.64217	1.30572	0.960887	1.73791	0.161727	0.0604409	0.0376577	0.0895728	0.0908816	0.0658488	0.0215783	0	0	1
0.975796	2.04238	0.211894	1.9168	2.01385	2.83495	0.290048	0.163439	2.85758	2.73002	2.31754	2.25332	0.165489	0.0156732	2.10956	1.87003	0.113183	2.16713	2.22501	2.41066	2.09804	1.60361	1.76587	1.13096	2.1126	2.44764	0.469126	1.96337	0.362419	0.280951	0.0886367	1.93305	1.10758	0.179525	1.9029	0.328055	0.269353	0.0923748	0	0.0229975	0	0	0.0801641	0	1
1.41129	2.14839	0	1.84795	1.89527	2.77798	0	0.289902	2.86161	2.76483	2.45135	2.40408	0	0	1.95229	1.15761	0.183872	2.10291	0.51273	2.31425	1.70733	1.70268	2.7037	1.55656	1.9294	2.5188	0.680286	1.94777	0.333591	0.361755	0.443814	1.2727	1.0862	0.308501	2.04208	0.398476	0.234127	0.544784	0	0.151205	0	0	0	0.271149	1
1.55888	2.20366	0.0891985	2.17947	1.89653	2.93482	0	0.104408	2.81154	2.62158	2.26446	2.19149	0.98892	0.0215783	1.79401	1.46456	0.739713	2.3077	0.804312	2.24309	1.87953	1.60634	2.06236	1.59553	2.16445	2.66351	0.688872	1.8452	0.878662	0.541246	0.568773	1.30035	1.21453	0	2.01231	0.33854	0.25163	0.653062	0	0.0619896	0	0.0499117	0	0	1
1.45869	2.22261	0.58857	2.36065	2.06369	3.0313	1.26946	0.640124	2.73919	2.76339	2.49487	2.37459	0.0406388	0.0191398	2.08522	0.753899	0.379623	2.57764	0.0981356	2.2446	1.95902	1.45115	1.8556	1.70287	2.28571	2.62265	0.560798	1.92583	0.857751	0.418719	0.16583	1.80628	1.40141	0.0592775	1.87695	0.459619	0.120966	0.240989	0.176333	0.0280468	0.0683478	0	0	0	1
1.40375	1.76457	0.10899	1.47527	1.81773	2.68416	0.0687316	0.348073	2.54376	2.7639	2.517	2.27782	0.161384	0	1.97751	1.67081	0.264545	2.02961	0	2.55652	2.18984	1.37498	2.18537	1.69146	2.09326	2.49726	0.149293	1.88784	0.313896	0.287857	0.268754	1.36151	0.8827	1.2772	1.84664	0.369558	0.149641	0	0	0.132415	0.297742	0.0553878	0	0	1
1.1471	2.53454	0.165318	1.63697	1.97124	2.87285	2.65438	0.565856	2.99446	2.65609	2.37797	2.21703	0.0126026	0.0571404	1.78824	0.10771	0.540724	2.31397	0	1.99767	1.99749	1.36044	1.81072	1.18284	1.94146	2.55115	0.499257	1.9768	0.493263	1.04923	0.636396	1.73183	1.48957	0	1.79439	1.21147	0.177511	0.709915	0	0.0625696	0	0.0338665	0.0748484	0	1
1.38211	2.32846	0.0947955	1.96728	1.75025	2.75242	1.74492	0.890389	2.69111	2.59973	2.34902	2.33511	0.15467	0.42547	1.83982	0.8586	0.0756099	2.03073	0.312338	2.3737	2.11094	1.55948	2.2244	1.74061	2.09221	2.3216	0.608113	1.91092	0.596626	0.958608	0.55744	1.32995	1.10931	0.121506	1.97896	0.587789	0	0.172114	0.219108	0.326386	0.235848	0.0286507	0	0.21607	1
0.979575	2.28653	0	1.82057	2.14165	2.90186	0.410413	0.760462	2.7643	2.72902	2.46095	2.39452	0.124202	0	1.87003	0.8586	0.0940514	2.14637	1.53381	2.40037	2.18964	1.53143	2.04846	1.27537	2.13626	2.42021	0.290631	2.00191	0.612089	0.16583	0.385187	1.37057	1.06731	0.194968	2.02937	0.484403	0	0.100724	0	0	0	0	0	0.401131	1
1.41447	1.92288	0.151379	1.83814	1.76561	2.68525	1.66369	0.548615	2.72281	2.57405	2.28594	2.30789	0.0416301	0.62342	1.92594	0.0211723	0.221339	2.01292	0.201847	2.45696	2.2005	1.53453	1.95218	1.52439	2.17702	2.40179	0.529147	2.16008	1.2438	0.405661	0.229415	1.72356	1.53595	0	2.08474	0.624998	0	0.222771	0.219587	0.165147	0	0	0	0	1
2.41324	0.792772	1.11973	1.38748	1.66551	2.64678	1.94102	1.59029	2.43206	2.36584	2.10259	2.19037	0.00952086	0.223247	1.81234	0.196283	0.041432	2.09963	0	2.48509	2.02724	1.8377	1.81335	1.63587	2.13887	2.45198	0.545614	1.76895	0.351718	0.371529	1.09792	1.81331	1.09787	0.109721	1.87672	0.829878	0.0714132	0.192992	0	0.0475539	0.383509	0	0	0	2
1.77355	2.07499	0.0238074	1.5958	1.85705	2.88063	0.587984	0.386603	2.79251	2.57203	2.36224	2.36449	0.0286507	0.0168983	1.88634	1.01485	0.258038	2.21933	0.120786	2.36272	1.84607	1.62526	2.12222	1.47677	2.13971	2.33497	0.49382	1.7991	0.706549	0.67883	0.285072	1.26145	1.02756	0.0685397	2.09415	0.47612	0.201031	0.597494	0	0.13755	0.217671	0	0	0	1
1.30605	2.67983	0.316297	2.05828	2.04981	2.82268	0.58593	0.50783	2.66127	2.59303	2.29075	2.20378	0.75267	0.0240098	1.90036	2.12405	0.270401	2.06791	2.38031	2.39876	2.24727	1.69332	1.78035	1.66522	2.23121	2.48387	0.724739	1.99452	0.298464	0.432039	0.899213	1.53487	1.38857	0.196611	1.92313	0.334143	0.102016	0.123484	0	0.0234025	0.0573349	0	0.0418283	0	1
0.220225	2.30452	0.235067	1.58465	1.92895	2.51517	0.390454	1.39495	2.32431	2.61723	2.19309	2.57922	0.0382548	0	2.00254	0.267404	0.0829979	2.04256	0	1.85356	1.94287	1.34125	1.28043	1.24062	1.40883	2.89896	0	1.85775	0.283161	0.698684	0.147726	0.744164	0.921246	0.0467665	1.25435	0.767863	0.202499	0.794793	0	0.281098	0	0	0	0	1
1.55331	1.90717	0.0449921	2.15251	1.81403	2.73077	0.0280468	0.196447	2.42984	2.46707	2.30472	2.35086	0	0	1.98551	0.0951673	0.0244143	2.35421	0.0848818	2.17677	2.0222	0.936901	1.41771	1.30161	1.62494	2.82512	0.226258	2.02675	0.223088	0.236629	0.237721	0.810183	0.605735	0	1.37159	0.459852	0.17566	0	0.443337	0.131704	0	0	0.515871	0	1
0.729131	2.37781	0.0232	2.16333	2.03719	2.85413	0.0693069	0.917568	2.69997	2.59836	2.29106	2.38013	0.0412337	0.136667	2.00887	1.37879	0.781319	2.31334	2.50683	2.4443	2.35217	1.33709	1.81969	1.33261	2.33471	2.64224	0.540724	1.45698	0.693334	0.43795	0.472689	1.28817	1.31582	0.0340664	2.17813	0.85762	0.195955	0.234441	0	0.173973	0	0.0376577	0	0.276065	1
0.521468	2.78687	0.13277	2.09625	1.96707	2.86962	0.0264343	0.256974	2.65516	2.44483	2.35179	2.37903	0.0677718	0	2.10156	0.713916	0.258342	2.32589	0.0138321	2.37407	2.21297	1.58012	1.7817	0.89817	2.18402	2.47648	0.282278	1.67359	0.446076	0.737515	0.527448	1.87862	1.42682	0.0376577	1.88487	1.01794	0.0873244	0.13028	0.167023	0.0264343	0.180363	0.0211723	0	0	1
1.63134	1.97325	0.411161	1.38006	1.88731	2.66608	1.03703	0.958441	2.64587	2.54174	2.16261	2.15709	0.692074	0.11645	1.8985	2.22473	0.269054	2.16936	1.90358	2.56143	2.12162	1.71911	1.80996	1.68384	2.32302	2.50686	1.18538	1.9717	0.508922	0.397715	0.391988	1.72585	1.18307	1.7169	2.00074	0.51846	0.0670031	0.181702	0.0990611	0.10054	0.140018	0	0	0.334831	1
1.68243	1.58928	0.540411	1.92145	2.04028	2.8059	0.799463	0.980327	2.60336	2.5706	2.33298	2.31612	0.00498069	0.0778901	1.97205	0.884522	0.0146509	2.11446	0.0518716	2.41869	2.15838	1.61973	1.75794	1.45218	2.3434	2.42171	0.235692	1.82073	0.669508	0.385187	0.630261	1.83425	1.05935	0	1.88069	0.401509	0	0.0350655	0	0.0656563	0.155361	0	0	0	1
0.442741	1.84587	0.0694986	1.91431	2.2535	3.01537	1.71836	0.387118	2.62646	2.6279	2.80165	2.56302	0.0183254	0	1.9893	0.322338	0.336207	2.36344	0	2.18819	1.88355	1.43674	2.61604	1.66316	2.1663	2.68347	0.43843	1.67731	1.41624	0.537585	0.298031	1.15089	1.3989	0.94646	2.09868	1.36821	0.249636	0.0645001	0.48203	0.0614092	0	0	0	0	1
1.15638	1.88907	0.113183	1.72278	1.69496	2.64827	1.59129	0.292669	2.64188	2.45644	2.10325	2.27631	0.0099324	0.0449921	1.80164	0.534643	0.0841288	1.88212	0.318832	2.38572	2.27025	1.49655	1.77098	1.99658	1.94878	2.34846	0.0738956	1.89167	0.54468	0.47783	1.03752	1.71246	0.796449	0.0473571	1.84285	0	0	0.0461754	0.205913	0.0652711	0	0	0	0	1
1.63877	2.18636	0.587202	1.901	1.82308	2.73386	1.81151	0.910386	2.45829	2.56673	2.31793	2.26846	0.00663447	0.299761	2.0641	0.264847	0.210927	2.16867	0	2.40687	1.9801	1.60872	1.96571	1.9754	2.27302	2.60566	0.144231	2.08757	0.43819	0.595177	0.834167	1.14556	1.09001	0.0324654	1.98196	0.389813	0.373496	0.199724	0.145281	0.166512	0.20315	0	0	0	1
0.618854	2.25556	0.0528498	2.32533	1.75719	2.85588	0	0.0826206	2.84325	2.55698	2.52168	2.39197	0.936843	0.0225922	2.08488	2.05958	0.503996	2.14061	0.0990611	2.25929	1.71649	1.44699	2.64543	1.27515	2.26085	2.58798	1.06838	1.59558	1.82753	1.41324	0.461251	1.4744	1.04156	0.0469634	2.19843	1.33943	0.412405	0.371661	0.36679	0.0951673	0	0	0	0	1
1.58637	1.61151	0.156397	1.75543	1.91147	2.73081	0.909845	0.550574	2.59941	2.68889	2.34636	2.26097	0	0.0538269	1.84961	0.562927	0.189191	2.15767	0.154843	2.35744	2.07492	1.67717	1.95889	1.49202	2.19751	2.50264	0.3967	1.81844	0.981562	0.383251	0.276065	1.41393	1.20259	0.592076	1.86631	0.459736	0.129033	0.276362	0	0.0590834	0.096096	0	0	0.238345	1
0.902269	2.32001	0.0975799	2.22662	2.17746	2.78424	0.0677718	0.281983	2.81621	2.76926	2.50904	2.43736	0.0304598	0	2.18836	0.899335	0.305074	2.2135	0	2.27264	2.24513	1.21811	1.99656	1.51421	2.13276	2.6836	0.517598	1.72108	1.17491	0.655372	1.06011	1.44017	1.5318	0.0493229	2.08701	0.457398	0.0771308	0	0.213824	0.0679638	0	0.0546077	0	0	1
1.27499	2.28109	0.099246	1.71629	1.71361	2.81553	0.0623763	0.183539	2.78432	2.62572	2.3455	2.27804	0.0549978	0.45223	1.89821	2.0375	0.371398	2.05695	0	2.32374	2.12187	1.44556	2.12526	1.20079	2.144	2.33193	0.288442	2.12601	0.644554	0.85276	0.473834	1.38986	0.954697	0.142478	1.94734	0.803459	0.216391	0.478057	0.5999	0.209475	0.192332	0	0	0	1
0.776222	1.14165	0.137903	1.90834	1.80264	2.88891	0.0447947	0.458918	2.89583	2.4934	2.41851	2.3659	0.0134225	0.0156732	1.84073	1.44911	0.0581125	2.25659	0.807713	2.29819	2.12154	1.42212	1.68226	0.714893	2.33294	2.39473	0.0990611	1.81448	0.799463	0.645544	0.804241	1.8549	1.13536	0.0938653	1.72813	0.728653	0.340319	0.284338	0.469357	0.0666185	0.662959	0	0	0	1
1.24079	2.27173	0.030259	1.65977	1.7112	2.6678	1.7275	0.45046	2.94414	2.58519	2.10934	2.16181	0.0183254	0.873131	1.8368	0.634753	0.370479	2.10806	1.74655	2.26997	2.14707	1.49998	1.89084	1.47829	2.09869	2.53769	0.765833	1.9815	0.519105	0.674788	0.441665	1.43386	1.27547	0.0865736	1.9476	0.742761	0.0694986	0.565654	0	0.245479	0	0	0	0	1
1.50783	1.9851	0.0839404	2.05847	2.12025	2.92491	0.503886	0.206562	2.70186	2.78823	2.39602	2.42566	0.0260307	0.030259	1.90885	1.5038	0.360291	2.16989	0.443933	2.48498	1.68226	1.69105	2.25156	1.62897	2.19721	2.44223	0.334556	1.88791	0.548408	0.63749	0.581999	1.61703	1.35315	0.274281	2.092	0.497486	0.335107	0.441665	0.370216	0.163952	0.106061	0	0.0782696	0	1
1.11875	2.04558	0.10017	1.81184	1.89388	2.80398	0.233657	0.261374	2.90194	2.58454	2.12046	2.24077	0.0485371	0.655727	1.92167	1.16688	0.486994	2.12644	1.35431	2.37607	2.00806	1.4171	2.36595	1.94173	2.08599	2.51351	0.544473	2.07634	1.0752	0.812853	0.356686	1.33166	0.96597	0.753822	1.77002	0.525531	0.319534	0.383121	0.320937	0.212538	0.244706	0.0223895	0.0501079	0	1
1.43606	1.98653	0.0201566	2.25324	1.71882	2.9594	0.0506962	0.213985	2.8102	2.89964	2.39376	2.52361	0.0869491	0	2.1299	1.32969	0.651101	2.22279	0.703414	2.39125	2.05605	1.62728	2.34332	1.14308	2.17337	2.59758	0.0687316	1.91138	0.67081	0.785719	1.05386	1.71541	1.09628	0.19956	1.94505	0.235692	0.111727	0.586322	0.133125	0.0408372	0.098691	0.0164901	0	0.13117	1
0.465546	2.6199	0.104041	2.08962	2.12511	2.87597	2.505	0.167533	2.33436	2.26386	2.23052	2.29562	0.0217811	0.335382	1.97326	0.130814	0.488117	2.28679	1.94405	2.36727	2.28487	1.77373	2.11879	1.23808	2.287	2.36063	0.401509	1.93758	0.299761	0.301632	0.871277	1.71456	1.36325	0	1.92178	0.315168	0.157431	0.756425	0.0828093	0	0	0.0199534	0	0	1
1.31546	1.20263	0.0376577	2.10928	1.61852	2.80235	0	0.457983	2.93315	2.7277	2.41395	2.32511	0.0171023	0	1.99801	2.41761	0.224833	2.14637	0.527022	2.32506	1.91793	1.34088	2.02779	1.34931	2.00399	2.47459	0.234441	1.56846	1.05931	0	0.487556	1.82666	0.998958	0.494822	1.78014	0.761449	0	0.151899	0	0.111181	0	0	0.191342	0	1
1.34479	2.34724	0.236629	2.09715	1.89195	2.80093	0.0841288	0.260769	2.78712	2.40197	2.32875	2.3343	0	0	1.54737	1.16645	0.0559724	2.31153	0.0227949	2.31573	2.29039	1.34648	1.14095	0.803245	2.17336	2.50562	0	1.67339	0.588863	1.19069	0.520717	2.06061	0.534748	0	1.69123	0.984826	0.0957247	0.398095	0.260314	0.0641144	0.279621	0	0.211572	0	1
0.835591	2.51107	0.0203599	1.99174	2.03208	2.84859	0.0608283	0.0268377	3.14597	2.674	2.5164	2.37085	0.128319	0.333177	2.04843	0.458451	0.540515	2.18742	0	2.32956	2.23366	1.28697	2.0219	1.46447	2.09319	2.48093	0.247791	1.74251	0.471312	0.535275	0.347938	1.61218	1.04505	0.0443998	1.9366	0.630537	0	0.325689	0	0.0612156	0	0	0	0.345497	1
1.69	2.08585	0.811027	1.71842	1.73196	2.71547	0.0223895	0.508813	2.91205	2.86708	2.45705	2.46476	0.0390502	0.00766645	1.83044	0.742371	0.317002	2.09386	0.433007	2.44127	2.11346	1.57371	1.86349	1.52519	2.10513	2.68857	0.47726	1.86972	0.678401	0.64094	0.322478	1.23411	1.19319	0.364409	1.88268	0.417115	0.186037	0.351988	0.144056	0.0763707	0.106977	0.0181216	0.0402419	0	1
2.34242	0.787325	0.83647	1.39641	1.53689	2.64755	1.33995	1.47594	2.4967	2.48089	2.15227	2.19552	0	0.126532	1.79694	0.243469	0.0983208	2.06684	0.0138321	2.47126	2.03955	1.82027	1.91521	1.68177	2.1133	2.39828	0.768014	1.90535	0.641302	0.570677	0.940811	1.67748	1.13416	0.124382	1.91629	0.367054	0.113729	0.145456	0	0.0516758	0	0	0.0469634	0	2
1.44296	1.5973	0.166171	1.81453	1.92201	2.751	1.05038	0.832741	2.84547	2.674	2.42404	2.38065	0.0152644	0.0914418	1.96266	1.01602	0.325689	2.14049	0.365997	2.3813	2.18299	1.67673	1.92381	1.38384	2.23375	2.40798	0.746882	2.00242	0.584949	0.492928	0.178686	1.50252	1.30139	0.181869	2.00156	0.97785	0.180865	0.658999	0	0.034666	0.160355	0.0546077	0	0	1
0.885274	2.76481	0.0508922	2.22791	2.07849	2.83083	0	1.06787	2.48495	2.65993	2.63596	2.43857	0	0.0534362	1.8216	0.71196	0.552528	2.42609	0.262584	2.36654	1.77687	1.20289	1.94354	1.44047	2.06462	2.49588	0.166341	1.75761	0.459736	0.661378	0.879927	1.41988	1.29329	0.262735	1.82438	1.693	0	0.541454	0.306218	0.272791	0	0	0	0	1
1.05902	2.29879	0.0750389	2.31947	2.02834	2.84169	0.190846	1.10732	2.48138	2.54914	2.2955	2.3396	0.0532408	0.0532408	2.15109	1.11362	0.911409	2.33501	0.027644	2.36127	2.19523	1.73704	2.41314	1.50626	2.19445	2.58229	0.384026	1.7439	0.618106	1.05747	0.347531	1.69588	1.3089	0	1.98916	0.715299	0.114637	0.55968	0.167363	0.609157	0.328055	0.156224	0	0	1
1.34108	2.52415	0.0809208	2.10172	2.01345	2.68477	1.24729	1.60067	2.30207	2.54089	2.18465	2.24998	0	1.26568	1.88329	0.500914	0.285512	2.17555	0	2.36752	2.14838	1.5801	1.82667	1.43473	2.20678	2.41837	0.627034	2.05262	0.466588	0.465083	0.595177	1.24226	1.13375	0.0719867	1.96571	0.430705	0.162412	0.673753	0.163268	0.247175	0	0	0	0.295137	1
1.14442	1.58873	0.0099324	1.61953	2.1898	2.89695	0.0300581	0.167193	2.82766	2.6457	2.47434	2.4196	0.0687316	0	1.85705	0.752363	0.0262325	2.35901	0.0314632	2.20013	1.96352	1.10763	1.3809	1.05019	2.12927	2.60686	0.129211	1.97116	0.469126	0.251783	0.0933066	1.68937	0.709342	0	1.61778	0.230674	0.129389	0	0	0.114455	0	0.0925612	0	0	1
1.54197	1.94158	0.0633423	1.96596	1.85366	2.92289	0.481237	1.35514	2.82946	2.71912	2.09581	2.39087	0.0290531	0.0666185	1.9905	0.65404	0.861728	2.25777	0.0260307	2.33475	1.79545	1.39763	2.02837	1.35575	2.24555	2.68006	0.366658	1.7758	0.69241	1.02677	1.05339	1.35229	1.35987	0.301632	1.91629	0.811027	0.403147	0.724418	0.158636	0.277549	0.118079	0.0394476	0.0871368	0	1
0.977148	2.10589	0.0260307	1.69692	2.30439	2.86657	1.83249	0.107161	2.87431	2.66835	2.21928	2.26454	0.4273	0.0858221	1.91717	1.55433	0.174986	2.30751	0.254383	2.36897	2.15293	1.62061	1.64516	1.31651	2.31752	2.53569	0.222771	1.92681	0.590228	0.469357	0.337992	1.99373	1.2355	0.481804	1.96103	0.324574	0.307217	0.281541	0.0673875	0.16583	0	0.0160817	0.103857	0	1
1.67425	2.1437	0.264545	2.04	1.98826	2.74573	0.533484	0.519428	2.57216	2.80998	2.58769	2.36943	0.265901	0.0288519	2.02816	1.84161	0.645184	2.13888	0.0294552	2.54553	2.07575	1.68136	2.29987	1.55054	2.15797	2.53705	0.593919	1.86468	0.708193	0.497597	0.62805	1.42639	1.24614	0.0594715	1.85217	0.527873	0.149467	0.129924	0	0.0687316	0.132237	0	0	0	1
1.56563	2.09606	0.119163	1.86519	2.07991	2.88417	0.809971	0.608398	2.86553	2.58243	2.2202	2.34367	0.149293	0.0809208	1.74329	1.30188	0.101647	2.25773	0.415135	2.3928	2.10871	1.72741	1.93292	1.17645	2.14694	2.59232	1.16366	1.61368	0.397208	0.178686	0.741434	1.84219	1.20497	0.232403	2.05491	0.358691	0.131348	0.622584	0.131882	0.0600533	0	0	0	0	1
1.20632	2.47695	0.143881	1.98337	2.09241	2.79228	0.0314632	0.128676	2.7855	2.68911	2.32267	2.27064	0.00931501	0	2.0313	0.453526	0.153113	2.18997	0	2.33978	1.97564	1.75487	2.07186	1.6641	2.1579	2.41934	0.483048	1.82807	0.765531	0.262886	0.300769	1.82479	1.45799	0.0449921	2.01236	0.425592	0.0704565	0.181702	0	0.0316637	0	0	0	0	1
0.496377	1.93494	0	1.92693	2.24869	2.89984	0.105143	0	2.75766	2.63932	2.6079	2.53527	0	0	1.97314	0.982313	0.525638	2.37937	0.206562	2.35245	1.85251	1.54777	2.07263	2.08337	2.08794	2.62923	0.612278	1.56029	0.976391	0.532429	0.178351	1.66875	1.17314	1.24874	2.1214	0	0.183539	0.0308613	0.141952	0.0221868	0	0	0	0.454349	1
1.055	2.46283	0.178686	1.98471	2.17581	2.88775	1.13676	0.347396	2.68938	2.59583	2.36468	2.29077	0.0109604	0.0416301	1.73707	1.29437	0.102384	2.21669	0.165489	2.27479	2.05097	1.60358	2.05363	1.06912	2.04929	2.66931	0	2.04536	0.541141	0.415011	0.354408	2.20683	1.1368	0.0854461	1.65681	0.447975	0.107344	0.208505	0.0820544	0.083375	0	0.0579182	0	0	1
1.138	2.65879	0.171268	1.98084	2.20466	2.91316	1.43362	1.24267	2.68963	2.74563	2.38481	2.39402	0.0140369	0.0109604	2.17974	0.239901	0.177679	2.35365	0.0168983	2.36615	2.35241	1.75271	2.01157	1.43148	2.11176	2.53706	0.331243	2.13649	0.817674	0.2064	0.573176	1.31245	1.17368	0.129568	1.99306	0.610577	0.167703	0.174142	0.105143	0.0627629	0.0777004	0.0256269	0	0	1
1.64356	1.25191	0.259556	1.95467	2.19937	2.87761	0.34956	1.1714	2.42006	2.62015	2.49956	2.38953	0.00477375	0.0738956	2.12012	0.140194	0.176838	2.25657	0	2.42746	1.86067	1.71056	2.37516	1.75751	2.21027	2.66065	0.464504	1.87179	1.28534	0.503666	0.418473	1.44171	1.01744	0.0670031	1.92979	0.4273	0.167023	0.63118	0.487556	0.0920017	0.0773207	0	0	0	1
1.13084	2.36051	0.032265	2.13902	2.1387	2.88338	0.0422244	1.38248	2.62869	2.76621	2.41952	2.48586	0.0041526	0.00972665	1.87051	0.210121	0.33607	2.42424	0	2.4954	2.23397	1.37887	2.03352	0.838698	2.5054	2.59954	0.0635354	2.04051	0.536431	0.635301	0.584753	1.78501	1.39875	0	1.91349	0.310351	0.150858	0.273834	0	0	0	0	0	0	1
1.4349	2.40021	0.617825	2.30449	2.16124	2.99074	0.116812	0.845601	2.27353	2.67181	2.58602	2.5693	0.0308613	0	1.92163	0.592755	0.21847	2.43889	0.636305	2.26573	2.05775	1.2475	1.68268	1.45727	2.26398	2.77394	0.276065	1.98824	0.496044	0.793928	0.80644	1.53026	0.838765	0.120065	1.65893	0.074658	0.114819	0.15984	0.115544	0.052263	0.085258	0.0282481	0	0	1
1.2105	2.58961	0.638672	1.89937	1.9055	2.74375	2.10774	0.334418	2.57754	2.47527	2.19675	2.32303	0.0187327	0.0434117	1.90096	0.532746	0.310919	2.22383	0.33152	2.39122	2.16935	1.68654	2.17472	1.37148	2.19732	2.27996	0.526277	1.98889	0.276955	0.265449	0.315591	1.80935	1.11276	0.088824	2.09064	0.621933	0.0938653	0.5945	0.137727	0.320236	0.1022	0	0	0	1
1.79628	2.02047	0.387375	2.08455	1.79849	3.03206	0.505203	0.887712	2.71433	2.7171	2.5133	2.32194	0.0113712	0.0132176	1.94717	1.97039	0.140546	2.2772	0.941269	2.33408	1.85492	1.56875	2.04031	1.64116	2.3067	2.63551	0.231932	1.86844	0.612089	0.530631	0.714486	1.38318	1.13	0.19907	1.91434	0.492817	0.32736	0.226416	0	0.15984	0.0925612	0	0	0.552733	1
0.724659	0.829195	0.642569	1.77678	2.18539	2.75319	0.585832	0.541141	2.5477	2.41377	2.48528	2.43319	0	0	1.97319	1.09028	0.0698819	2.22659	0	2.53665	2.4249	1.66199	1.93399	1.14169	2.20623	2.46473	0.356285	2.08115	0.80969	0.488678	1.16327	1.85671	1.40164	0	2.02788	0.578741	0.222771	0.160012	0	0.0274425	0.129211	0	0	0	1
2.1502	1.66411	0.0933066	1.65571	1.91947	2.65429	0.0532408	0.171776	2.64557	2.62529	2.37523	2.41644	0.105877	0	1.81284	1.28886	0.298608	2.08382	0	2.355	2.16368	1.40249	1.90639	1.51622	1.99387	2.50095	0.266652	2.12516	0.3967	0.230045	0.19694	1.17105	0.911229	0	1.64826	0.679943	0.0608283	0.141952	0.171437	0.278734	0	0	0.0944235	0	1
2.2636	0.678401	0.914346	1.58495	1.76159	2.61307	1.16295	1.81613	2.29956	2.43098	2.15509	2.20635	0	0.771757	1.87965	0.412405	0.144931	2.1555	0	2.47819	2.09745	1.87659	1.88037	1.78934	2.10714	2.48978	0.680286	1.85188	0.62934	0.503776	0.490135	1.7214	1.23598	0.0506962	1.80186	0.85984	0	0.348208	0	0.194146	0	0	0	0	2
1.28417	1.93997	0.0298572	1.32427	2.07777	2.77157	0.575467	0.101647	2.8583	2.74214	2.50734	2.34444	0.00910912	0	1.94412	0.653151	0.0526542	2.11351	0	2.35674	1.91417	1.50091	2.03	1.15049	2.16582	2.63468	0	1.86358	0.292379	0.449751	0.40754	1.39671	0.821283	1.24915	1.63826	0.23491	0.190846	0.0215783	0.191837	0.143531	0	0.0944235	0.106244	0	1
1.14836	2.25101	0.361888	2.24208	2.20451	2.9728	0.0975799	0.451877	2.87825	2.74114	2.52113	2.4409	0.00746015	0	2.15789	0.0445972	0.250864	2.43586	0.026636	2.45529	2.02658	1.61274	2.09781	1.26516	2.28247	2.68435	0.335244	2.04489	0.404405	0.589351	1.16793	2.17806	1.69731	0	1.97254	0.427788	0.335795	0.221976	0	0.0503041	0	0	0.24254	0	1
0.76251	2.50537	0.0382548	1.99072	2.13031	2.81504	0	0.435904	2.90221	2.49519	2.35679	2.20125	0.277252	0.0436094	1.72821	0.991036	0.443576	2.26952	1.33157	2.28829	1.97235	1.56302	1.92821	1.38999	2.30649	2.485	1.13652	1.93095	1.1853	0.228469	0.605926	2.16922	1.26467	0.144231	1.98359	1.66668	0.116631	0.809901	0.40729	0.463111	0.236629	0	0	0	1
0.759322	2.42494	0.0771308	2.35709	1.67463	3.09857	0.0189362	0.108259	2.81177	2.58993	2.48407	2.56115	0.0382548	0.0382548	2.04316	0.307075	0.631272	2.2257	0.0579182	2.1691	2.0493	1.89721	2.16775	1.79169	2.37905	2.4454	0.227364	1.70769	0.449514	0.853814	0.613127	2.26307	1.12602	0.0270393	2.13668	0.569475	0.0831865	0.403902	0	0.140546	0	0.0300581	0	0	1
0.803174	2.55882	0.0754196	1.97084	2.14506	2.95674	0	0.112092	2.74262	2.90254	2.56927	2.60058	0.0250208	0	1.99162	0.31855	0.08601	2.20095	0.0179179	2.37982	1.61308	1.52645	1.77631	1.45391	2.16852	2.66497	0.625091	1.78522	1.98037	0.152073	1.42639	1.33469	1.17634	0.0485371	1.84453	0.310351	0.111363	0.203964	0	0.0340664	0.157776	0	0	0	1
1.592	1.43267	0.0103437	2.08344	2.3798	2.90627	0.062183	1.19189	2.61606	2.56992	2.51909	2.47264	0.0370602	0.0217811	2.27417	0.156224	0.576162	2.22143	0	2.27919	1.80674	1.66375	2.12954	1.9422	2.22328	2.72832	0.354005	1.80682	1.58768	0	0.386989	1.61097	1.4715	0.088262	1.97899	0.80232	0	0.720156	0.695011	0.273387	0	0	0	0.592173	1
1.12804	2.5387	0.33854	1.86716	2.14929	2.92675	0.967345	0.666721	2.61479	2.56874	2.31951	2.34486	0.0296562	0.099431	1.80052	0.745874	0.21591	2.36267	0.101278	2.32451	2.3971	1.61023	2.10154	1.20263	2.32642	2.44898	0.40779	1.97203	0.461484	0.941212	0.34956	1.39989	1.13375	0.378714	1.8523	0.198251	0.160355	0.667419	0	0.142127	0	0.0402419	0	0.291651	1
1.71382	2.43378	0.212055	1.83689	1.91982	2.72943	0.32555	1.23836	2.74409	2.61099	2.49451	2.34272	0.00828503	0.265148	1.91233	1.19398	0.341003	2.22382	0	2.44964	2.11615	1.43196	1.94647	1.35064	2.14269	2.57324	0.0627629	1.81879	0.608967	0.741981	0.84773	1.84784	1.38805	0	1.82345	1.84278	0	0.664886	0	0.107344	0.245787	0.0443998	0	0	1
1.36456	2.04579	0.0459783	2.01297	2.17691	2.71799	0.193816	0.170251	2.8211	2.78168	2.39727	2.61022	0.356686	0.0483406	1.92703	0.530949	0.312621	2.18677	0	2.24731	2.08784	1.17318	1.97092	1.29925	1.73149	2.73152	0.21799	1.89392	1.07708	0.858143	0.550883	1.45813	0.524357	0.0506962	1.56624	0.550471	0.279917	0.0733234	0.219427	0	0	0	0.122586	0	1
2.18191	0.461018	0.513815	1.51526	1.67738	2.5563	1.41864	0.938399	2.23442	2.52072	2.257	2.28372	0	0.071222	1.83467	0.423757	0.0308613	2.05831	0	2.34566	2.08767	1.5055	1.3918	1.49023	1.93008	2.60158	0.217191	2.01343	0.712449	0.158292	0.504325	1.51248	0.694341	0.0505002	1.40573	0.266803	0.217511	0.0729417	0	0	0	0	0	0	2
1.93483	2.28482	0.154497	1.87391	2.00853	2.77744	0.467512	0.617918	2.68018	2.58502	2.32065	2.27568	0.0320646	0.118621	1.95628	1.4256	0.401635	2.14147	0	2.42926	2.0126	1.69984	1.96213	1.56941	2.16349	2.55777	0.493597	1.89378	0.487668	0.678572	1.44982	1.37036	1.25124	0.502236	1.96	0.559579	0.397081	0.666285	0.22404	0.254993	0	0.0575294	0	0	1
1.24871	2.27777	0.679686	1.48745	1.9296	2.62651	0.305932	0.425225	2.53144	2.40566	2.16209	2.3118	0.00704741	0.0553878	1.90933	2.07156	0.25743	2.07815	0.189357	2.34814	2.27084	1.57517	2.03381	1.25552	2.19389	2.37166	0.807501	1.87651	0.463111	0.662081	0.303068	1.88835	1.2411	0.0171023	1.87778	0.370084	0.102937	0.293541	0.0788384	0.0579182	0.0579182	0.0555827	0	0.148423	1
1.09566	2.36784	0.947425	2.06919	1.85436	2.83916	0	0.0352652	2.80557	2.72283	2.46042	2.23498	0.498483	0	1.87043	1.30608	0.39543	2.15067	2.48854	2.46504	2.11722	1.64533	2.38093	1.59144	2.0108	2.64602	0.404782	1.66668	0.757188	0.648597	0.636305	1.39123	1.23884	0	2.06509	0.468896	0	0.37061	0.514573	0.0408372	0.0985059	0	0	0	1
2.34826	0.640034	0.971394	1.349	1.61609	2.68433	1.43156	1.62185	2.41739	2.43856	2.18748	2.21529	0	0.193651	1.83549	0.310066	0.030259	2.17695	0.0362629	2.44767	2.04259	1.77981	1.90248	1.67971	2.15812	2.48408	0.475435	1.77668	0.542913	0.579927	1.37429	1.77208	1.28644	0.0962817	1.89461	0.613316	0.148249	0.475092	0.214306	0	0	0	0	0.378324	2
0.703497	2.39036	0.120245	1.74804	1.55866	2.68133	1.84599	0.176502	2.89293	2.20115	1.8951	2.12215	0.0164901	0.235223	1.67046	0.124382	0.13649	1.83247	0	2.25547	2.00223	1.1565	1.85487	1.4361	2.14537	2.41781	0.318691	1.82055	0.19776	0.418103	0.27085	1.65279	0.616794	0.0780799	1.80319	0	0.120786	0.178686	0	0.106794	0	0	0	0	1
2.32671	1.10152	1.06086	1.55858	1.68099	2.58797	1.80515	1.51114	2.32954	2.31898	2.13539	2.15949	0	0.495933	1.81161	0.277993	0.183372	2.10682	0	2.49871	2.04625	1.76	1.94822	1.78494	2.09681	2.42634	0.804951	1.80786	0.492482	0.852958	0.227048	1.7042	1.26161	0	1.93162	0.600764	0.125099	0.361755	0.182036	0.294847	0.252396	0	0	0.325968	2
1.46476	1.91005	0.636943	2.06977	1.79542	2.8338	0.0606346	0.677113	2.65839	2.49898	2.304	2.41904	0.0592775	0	2.04994	0.796809	0.529678	2.14726	0.592464	2.42642	1.88423	1.53689	2.41289	1.5648	2.2332	2.58489	0.346854	1.97702	0.877965	0.393265	0.384542	1.65033	1.31817	0.113002	2.07199	0.95727	0.17296	0.39071	0	0.0990611	0	0.0328659	0	0	1
1.81836	1.95903	0.106977	1.79302	1.7663	2.71257	0.574671	0.518567	2.54424	2.69362	2.34588	2.49358	0	0	1.87692	0.774514	0.165659	2.01019	0.035864	2.41446	2.04984	1.45106	1.9462	1.48329	1.935	2.67546	0.758637	1.87636	0.397462	0.393902	1.05624	1.21893	0.828784	0.507393	1.86526	0.259556	0.0765608	0.196447	0	0.0344662	0	0	0	0	1
1.56111	2.59671	0.14318	2.15846	1.88963	2.75083	0.227522	0.551397	2.58704	2.61315	2.34712	2.31268	0.0126026	0.137374	2.14222	0.615292	0.386475	2.04434	0.126889	2.4932	2.20458	1.73622	2.29972	1.79586	2.13426	2.42487	0.448212	1.86435	0.700015	0.339225	0.293106	1.33169	1.60509	0	1.95781	0.431675	0.17919	0.384155	0	0.0831865	0	0	0	0	1
1.01063	2.31176	0.0138321	1.81699	2.13118	2.97818	0.0211723	0.331796	2.82487	2.6684	2.48211	2.43532	0.0187327	0.0146509	1.7598	3.09003	0.755125	2.29459	2.17786	2.39313	1.8003	1.66055	2.09257	1.15975	2.15827	2.68218	0.470392	2.25965	0.973572	0.567969	0.358824	1.7246	1.04059	0.493486	2.02542	1.10082	0.17667	0.163781	0	0.101278	0	0	0	0	1
1.35431	1.38511	0	2.11143	2.01595	2.90869	0	0.145631	2.69352	2.78715	2.53258	2.48329	0	0	2.04405	0.0408372	0.0594715	2.20518	0	2.21011	1.74829	1.53506	2.20388	1.80253	2.14227	2.58406	0.317706	1.73754	0.731118	0.182537	0.261828	1.36271	0.906401	0.0201566	1.73053	0.346176	0.1479	0.0195467	0.175491	0.0278454	0	0	0	0	1
2.26541	1.28524	0.65617	1.44934	1.67684	2.52032	1.18862	1.6625	2.18813	2.34465	1.9911	2.26759	0	0.0858221	1.88609	0.306218	0.0282481	1.99415	0	2.3699	2.04436	1.54404	1.30929	1.47045	1.93674	2.63167	0.310635	1.8038	0.267404	0.145631	0.957605	1.24756	0.624442	0.131704	1.12862	0	0.139138	0.0451894	0	0.0324654	0.151032	0.0512841	0	0	2
1.75358	2.15178	0.0549978	1.85265	1.81393	2.8038	0.571578	0.541246	2.67836	2.57365	2.2524	2.39951	0.00560124	0	1.89095	0.399867	0.0805425	2.1696	0.0588893	2.29813	1.88802	1.22149	1.82399	1.2264	2.09784	2.64265	0.409665	2.02127	0.698185	0.658735	0.522647	1.25901	0.763871	0.612561	1.64821	0.61548	0.231303	0.0654637	0.232403	0.0563619	0	0	0	0	1
1.00322	1.70968	0	1.66681	2.08585	2.81962	0.116631	0.299329	2.84887	2.7676	2.55947	2.32762	0.113911	0	2.11357	0.917627	0.300913	2.20992	0.193816	2.42768	2.06634	1.67157	1.9274	1.01368	2.2085	2.55764	0.0903209	1.75081	0.994932	0.45046	0.258038	1.39108	1.03806	1.26454	1.95345	0	0.313754	0.0835635	0	0	0	0.0643073	0	0	1
1.35353	2.25724	0.0759904	1.69775	1.99866	2.78723	0	0.287271	2.94751	2.76144	2.41545	2.29831	0.0767508	0	1.97728	0.347802	0.0516758	2.16587	0	2.34155	2.14064	1.50505	1.86455	1.60538	2.0864	2.35929	0.186702	1.87031	0.468781	0.594016	0.305217	1.83416	1.0815	0.0835635	1.87153	0.123305	0	0.207696	0.188031	0.0590834	0	0	0.104041	0.335932	1
0.802106	2.25475	0.0777004	1.7752	2.07503	2.96376	0.390454	0.0485371	2.3939	2.63674	2.33755	2.28452	0.0384537	0.0130126	2.02767	0.768539	0.61275	2.33729	0	2.22164	1.79528	1.46416	2.07383	1.71508	2.08211	2.64475	0.261828	1.48262	0.621281	0.306218	0.588473	1.774	1.18113	1.11845	2.23476	1.02352	0.551809	0.192332	0.485418	0.0191398	0.437108	0.0876996	0	0.768539	1
0.796593	1.78121	0.131348	2.45579	2.12644	2.92136	1.80274	1.27348	2.73599	2.76465	2.37137	2.50683	0.0175102	0	2.14745	0.123843	0.21799	2.29118	0	2.2801	1.71409	1.27823	2.51718	1.42641	2.28692	2.62944	0.0336665	1.81748	0.40012	0.553657	0.555704	2.09645	0.914765	0.226416	2.23675	0.227838	0.0975799	0.171437	0.462879	0.0723689	0.25743	0	0	0	1
1.07777	2.63182	0.00807889	1.66369	1.83785	2.82688	0	0.0826206	2.81945	2.79647	2.3223	2.34816	0.0428182	0.0168983	1.83277	0.910085	0.3501	2.21304	0	2.19401	1.89661	1.18341	2.08586	1.41111	2.32922	2.51724	0.107344	2.00761	0.693921	0.379234	0.1479	1.56781	0.885399	0.0352652	1.975	0.768389	0.584262	0.458217	0	0.138609	0.219427	0	0	0	1
2.26324	1.01749	1.05019	1.38266	1.72977	2.64125	1.2931	1.37686	2.29835	2.43362	2.15274	2.20809	0	0.247329	1.8323	0.270551	0.098691	2.18546	0	2.43412	2.08976	1.81961	1.74935	1.45811	1.97215	2.52391	0.660234	1.84729	0.194968	0.248407	0.21286	1.40488	0.965144	0	1.55119	0.227522	0.184706	0.0805425	0	0.0583068	0.138609	0	0.193981	0	2
1.67651	2.21636	0.165147	1.9795	1.88547	2.73553	0.58593	0.417979	2.82907	2.7408	2.45334	2.47064	0.0658488	0.0908816	1.89329	1.09915	0.443814	2.12126	1.37877	2.30395	1.90747	1.47512	2.40884	1.41956	2.19004	2.54253	0.308358	1.9716	0.508922	0.892498	0.978713	1.51918	1.14714	0.233187	2.03328	1.03752	0.0518716	0.815791	0	0.088824	0.2064	0	0	0	1
0.250711	2.73436	0.767037	2.04515	2.0849	2.85656	0.0639214	1.32266	2.95313	2.68796	2.38076	2.38936	0.0318642	0	2.10081	1.02821	0.726579	2.27035	0.0878871	2.37148	1.97016	1.44766	2.26598	1.20745	2.26501	2.27763	0.13949	1.81584	0.623049	0.270251	0.356418	1.38232	1.63327	0	2.02167	0.540202	0.0491265	1.26424	0.364409	0.0641144	0	0.034666	0	0	1
1.16272	2.13464	0.126532	1.99729	1.92014	2.964	0.0142416	0.904399	2.89974	2.7736	2.45865	2.41312	0.0453867	0	2.06063	1.11696	0.74159	2.2821	0	2.28517	2.13388	1.39809	2.40599	1.31466	2.20848	2.64364	0.204289	1.78006	0.573176	0.72209	0.214788	1.31894	0.95408	0.152073	1.77555	0.310919	0.123125	0.181869	0.0944235	0.158292	0.133657	0.0227949	0	0	1
0.826317	2.49843	0.0524586	1.80204	2.20388	2.8442	1.55162	0.680286	2.77306	2.56248	2.35327	2.39222	0.0119871	0.0280468	2.06799	0.252243	0.4581	2.2854	0.0424224	2.16783	2.10592	1.87695	2.24886	1.26787	1.82579	2.7998	1.57086	1.87082	0.924785	0.326107	0.620068	1.7244	1.30854	0	2.02214	0.299905	0.313046	0.534538	0	0.0406388	0.664624	0	0	0	1
1.32198	2.70564	0.163268	1.79277	1.99447	2.9241	0.0735142	1.28502	2.77405	2.67695	2.40443	2.44717	0.144406	0.031062	2.14927	0.901598	0.412032	2.17315	0.338403	2.25256	2.04593	1.11065	2.08241	1.38878	2.14304	2.52148	0.608872	1.881	0.960276	0.355079	0.207534	1.55629	1.06796	0.230674	2.09892	1.35067	0.0675797	0.166	0.269802	0.154497	0.26213	0.0242121	0	0.186536	1
1.23983	0.983918	0	0.869931	2.21214	2.69952	0.0264343	0.195955	2.72194	2.69595	2.30391	2.31771	0.0858221	0	1.71847	0.777481	0.0344662	2.1492	0.292815	2.19214	2.0691	1.33385	1.00734	0.514356	1.82943	2.46375	0.0300581	1.72784	0.429856	0.17448	0.148597	1.79989	0.66707	0.0191398	1.22664	0.59159	0.0594715	0.192827	0.240057	0.0264343	0.12492	0.0420264	0.0921883	0	1
1.05162	2.40301	0.187699	1.79499	1.56543	2.69677	1.65277	1.45234	2.57668	2.4733	2.25792	2.22015	0.0378568	0.130102	2.03119	0.192827	0.141073	2.15023	0.619602	2.36125	2.27272	1.64597	2.0111	1.35262	2.32169	2.35036	0.281688	2.01023	0.727138	0.342095	0.478057	1.50314	1.29347	0.0805425	2.07722	0.865164	0.233187	0.387118	0.394666	0.148249	0.304358	0.0232	0	0.32555	1
0.937996	2.49433	0.129389	2.1172	1.93275	2.84118	0.0227949	1.16098	2.83601	2.81441	2.34628	2.57089	0.0033237	0	1.99334	1.38313	0.399741	2.23333	0	2.24902	2.03446	1.62542	2.23229	1.1867	2.31277	2.64802	0.230202	1.90598	0.148945	0.457515	0.655727	1.85288	0.895341	0.926547	1.9094	0.25819	0.05148	0.0320646	0	0.0453867	0.10899	0.0183254	0	0	1
1.55225	2.25928	0.0152644	2.01216	2.05924	2.83721	0.850978	1.38433	2.47748	2.42065	2.24944	2.32846	0	0.79537	2.0127	1.02132	0.544473	2.13406	0.0931204	2.4752	2.11265	1.7086	1.93771	1.6341	2.29585	2.56613	0.345904	1.83494	0.483274	0.861403	1.87046	1.22217	1.30708	0.593628	2.04078	0.991195	0.346447	0.613975	0	0.508267	0	0	0	0	1
1.37729	2.33405	0.0115766	1.68762	1.91745	2.89326	0	0	2.90689	2.79717	2.37897	2.39534	0.0505002	0	1.96908	2.53302	0.348344	2.17099	0.197923	2.39782	1.80112	1.60807	1.89131	1.10611	2.34958	2.64389	0.330274	1.87223	0.325829	0.496044	0.364541	1.80434	0.94481	0.428153	2.02	0.367846	0.0777004	0.255908	0	0	0	0	0	0	1
0.782348	1.42584	0.0822432	2.37797	1.97377	3.14759	0.567165	0.29673	3.08086	2.64037	2.44439	2.6996	0.00849113	0	1.91871	1.38323	0.333177	2.35797	0	2.22356	1.8768	1.0521	2.34297	1.26158	2.22816	2.48899	0.0646929	1.59976	0.474978	0.244088	0.547271	1.89824	1.06531	0.0809208	1.92306	0.47223	0.414392	0.217351	0.455406	0.295137	0.354273	0	0.100724	0	1
0.603445	2.36051	0.125099	1.95291	1.94827	2.85215	2.00284	0.061022	2.70669	2.69517	2.32826	2.22126	0.0140369	0.0164901	1.75467	1.81431	0.118621	2.1694	1.76228	2.3416	2.08549	1.55411	1.72869	1.22213	2.14223	2.43935	0	1.91294	0.342231	0.293106	0.347396	1.12308	1.12808	0.187699	1.77105	0.341958	0.240523	0.0168983	0	0.070265	0.113911	0	0	0	1
1.45353	2.53646	0.0693069	1.79428	1.92202	2.80199	1.72394	0.415259	2.8572	2.57209	2.4143	2.23308	0.10017	0.673926	1.89138	1.12459	0.541976	2.17807	0.381439	2.26804	2.34352	1.58892	2.02081	1.6642	2.14624	2.43846	0.449159	2.05159	0.590325	0.964428	0.931862	1.42364	1.29688	0.10899	1.92988	0.91273	0.0449921	0.661993	0.424981	0.197432	0.1812	0	0	0	1
1.02142	2.66854	0.0704565	1.9689	2.25341	2.76177	0	0.102016	2.59892	2.71972	2.4238	2.53139	0.083752	0.0970237	2.07081	0.509903	0.321358	2.33265	0	2.37742	2.13926	1.56858	1.88906	1.46119	2.09031	2.61535	0.0553878	1.70847	0.83206	0.516627	0.693754	1.79156	1.13503	0.0352652	1.61724	0.639035	0.0555827	0.255603	0.157431	0.0489301	0.391733	0.0392489	0.0863858	0.285366	1
1.61352	2.02441	0.111363	1.46009	1.6695	2.72889	0.965915	0.592658	2.87306	2.57792	2.28377	2.38158	0.090134	0	1.92898	0.838159	0.034666	2.11938	0.579235	2.2144	1.99717	1.40658	1.61007	1.35646	2.20144	2.61328	0.240212	1.92043	0.391477	0.637307	0.781024	1.07258	0.819203	0.693502	1.67998	0.160355	0.240678	0.223723	0	0.0777004	0	0	0	0	1
1.17058	2.70856	0.0725599	2.0645	2.09608	2.81055	0.0136273	1.69289	2.56631	2.76508	2.43041	2.58257	0.0352652	0.018529	1.94021	0.0696903	0.0685397	2.24751	0	2.27063	2.05992	1.35378	1.55682	1.39938	2.14619	2.61901	0	1.98814	0.389941	0.406413	0.459385	1.36236	0.601531	0.0195467	1.24783	0.111363	0.169572	0	0	0	0	0.0215783	0	0.306932	1
1.02342	2.61351	0.0856341	2.09547	2.06366	2.98751	0.0824319	1.20621	2.78264	2.6553	2.48221	2.38762	0.0540221	0.0348658	1.99089	0.149467	0.099431	2.29106	0.0526542	2.42697	1.77881	1.46694	2.17158	1.31415	2.29379	2.66678	0.445481	1.56736	0.830356	0.681909	0.441426	1.42044	1.012	0.116269	1.74181	0.138433	0.446195	0.0698819	0.210282	0.0171023	0	0	0.116993	0	1
0.685824	2.65118	0.405033	1.98533	2.21096	2.74784	0.167023	0.890203	2.87241	2.81809	2.40131	2.58195	0.00766645	0	2.19813	0.0602471	0.13755	2.24567	0	2.38973	2.19778	1.98427	2.33166	1.55054	2.20718	2.54848	0.786085	1.87632	0.956712	0.469241	0.652082	1.61582	1.88083	0.0372594	1.93386	0.0555827	0.257886	0.36745	0	0.0132176	0.0637284	0	0	0	1
1.21993	1.72486	0.133835	2.13769	1.80072	2.70971	0.170421	1.67	2.63542	2.61173	2.50511	2.36169	0.0272409	0.0183254	2.14813	1.06114	0.260466	2.11094	0.0140369	2.36689	2.03151	1.62917	2.39753	1.42081	2.15238	2.60423	0.509358	1.54296	0.534748	0.664361	0.541976	1.96019	1.16003	0.0920017	1.76417	0.646713	0.347938	0.285953	0.0884494	0.089947	0.0650784	0.0824319	0	0	1
1.4856	1.14678	0.767413	1.6728	2.02948	2.20406	0	0.865035	1.6424	2.45168	2.37821	2.03465	0.294557	0.454701	2.39297	1.79227	1.2122	2.11231	0.325689	2.60956	2.42384	2.12662	2.51987	2.2226	1.69477	2.56446	0.654751	1.46166	0.390582	0.8444	1.33515	0.681994	1.88336	0.420197	1.70667	0.422532	0	0.639762	1.02841	0.172453	2.4321	0	0.710734	0.905007	1
0.892251	1.6725	0.0223895	2.02653	1.94399	2.93944	0	0.129568	2.97511	2.68867	2.359	2.3348	0	0	1.99952	1.67381	0.708275	2.27855	0	2.33801	2.10908	1.47396	2.23196	1.3668	2.23479	2.69105	0.0996158	1.89133	0.916019	0.816768	0.51846	1.66164	0.877965	0.467743	2.14069	0.955929	0.43939	0.340866	0	0.0668108	0	0	0	0	1
1.86974	2.37617	0.418473	2.01402	2.02113	2.81099	0.574173	1.87236	2.58424	2.59901	2.30773	2.36942	0.0126026	0.0195467	2.11239	0.827689	0.302781	2.17926	0	2.31371	2.21899	1.83831	2.12417	1.48309	2.22115	2.4906	0.552014	1.90308	0.529254	0.46462	0.426569	1.28252	1.17557	0.0983208	2.08234	0	0.123125	0.237253	0	0.0424224	0.193322	0	0	0	1
0.777777	0.823977	0.017714	2.45694	2.21241	3.04119	0.0788384	0.795442	2.37664	2.75815	2.50767	2.51388	0.0316637	0.036861	2.23858	1.97097	0.489575	2.15698	0.108259	2.45087	2.04966	1.8149	1.84721	1.28839	1.96743	2.53535	0.220225	1.66176	1.3569	0.123305	0.666547	1.81528	1.12312	0.209636	1.93697	0.680799	0.467165	0.205102	0	0	0.127962	0	0.0946095	0	1
1.62547	2.06012	0.0256269	1.81056	1.85491	2.66108	0.189688	0.351045	2.77656	2.62882	2.42075	2.4067	0.0229975	0.0181216	1.97533	1.02975	0.322338	2.12587	0.817604	2.53732	1.9196	1.53454	2.04891	1.49876	2.11775	2.40724	0.113729	1.80284	0.628787	0.539784	0.573375	1.84253	0.983597	0.611995	1.72205	0.614822	0.0588893	0.734364	0	0.290048	0	0	0	0	1
1.52437	2.21777	0.00560124	1.96311	2.06983	2.85859	0.0173063	0.164294	2.76018	2.6207	2.45598	2.3337	0.0300581	0.0465695	2.04666	0.488902	0.236941	2.30292	0.0181216	2.29834	1.88776	1.59002	2.05439	1.63817	2.3012	2.67293	0.270401	1.77797	0.778591	0.282425	0.521468	1.29145	1.03379	0	1.83166	1.09853	0.146504	0.270102	0	0.099246	0.159152	0	0.0612156	0	1
2.18398	0.681397	1.02945	1.53207	1.73693	2.67539	1.58241	1.64109	2.41811	2.39119	2.16971	2.18283	0	0.218789	1.80761	0.273536	0.172114	2.11719	0	2.42546	2.04135	1.74496	1.90258	1.71963	2.14785	2.4787	0.390965	1.82981	0.492482	0.506189	0.476576	1.56337	1.15991	0	1.90699	0.375979	0	1.06058	0.393392	0.103489	0.521254	0.159496	0	0	2
1	1	1	1	1	1	1	1	1	1	1	1	1	1	1	1	1	1	1	1	1	1	1	1	1	1	1	1	1	1	1	1	1	1	1	1	1	1	1	1	1	1	1	1	0
